CustomerID,FirstName,LastName,StateID,Street1,Street2,City,PostalCode,Email,Phone
1,Lyle,Galletly,16,81541 Trailsway Circle,,Waterloo,50706,lgalletly0@nhs.uk,3199312034
2,Corny,Farney,7,9566 North Crossing,,New Haven,06505,cfarney1@blogspot.com,2034970774
3,Maury,Elmer,41,6949 Del Mar Hill,,Greenville,29615,melmer2@squidoo.com,8644963592
4,Viva,Boyat,11,4852 Roxbury Hill,,Macon,31210,vboyat3@mayoclinic.com,4783045413
5,Andrus,Treadger,11,0 Towne Road,,Lawrenceville,30245,atreadger4@soundcloud.com,4043007781
6,Thorny,Wasson,10,2 North Point,,Vero Beach,32969,twasson5@eventbrite.com,7729584300
7,Rand,Finders,19,94033 Anderson Pass,Room 1070,New Orleans,70154,rfinders6@google.it,5048265856
8,Saree,Frowde,50,38 Fuller Court,PO Box 83112,Madison,53716,sfrowde7@devhub.com,6081112535
9,Dom,Posner,48,6 Graedel Circle,,Seattle,98127,dposner8@tumblr.com,2061475369
10,Gilbertine,Fencott,39,0530 Stone Corner Court,,Philadelphia,19115,gfencott9@census.gov,2672739357
11,Kippar,Tipping,44,36 Vidon Drive,,Dallas,75358,ktippinga@fc2.com,2147240003
12,Julianna,Askew,47,362 Kensington Street,,Virginia Beach,23454,jaskewb@mozilla.org,7571807243
13,Chaim,Straniero,43,8596 Mandrake Pass,Room 200,Nashville,37235,cstranieroc@hubpages.com,6151717224
14,Tamqrah,Kewley,47,14975 6th Center,,Springfield,22156,tkewleyd@vinaora.com,5718089971
15,Tulley,Caistor,5,345 Comanche Place,,Whittier,90610,tcaistore@bloglovin.com,5625741865
16,Rhetta,Tosney,9,04 Prairieview Pass,,Washington,20436,rtosneyf@examiner.com,2027386191
17,Lesley,Souza,36,484 Pepper Wood Crossing,8th Floor,Dayton,45454,lsouzag@bloomberg.com,9375060425
18,Abeu,Habben,5,8520 Kedzie Way,,Stockton,95205,ahabbenh@acquirethisname.com,2091684092
19,Johannes,Cremen,34,9 Cardinal Way,PO Box 68459,Raleigh,27658,jcremeni@so-net.ne.jp,9191540810
20,Muriel,Patters,16,6 6th Street,,Des Moines,50369,mpattersj@scientificamerican.com,5152927600
21,Darcy,Childers,26,82 Clyde Gallagher Circle,,Columbia,65211,dchildersk@slate.com,5733358675
22,Gwyn,Casey,6,72 Del Sol Terrace,,Denver,80291,gcaseyl@blogger.com,3037340854
23,Mitch,Haddick,30,6946 Swallow Drive,Room 8,Portsmouth,00214,mhaddickm@washington.edu,6032095214
24,Willy,Chidzoy,10,97 Roxbury Center,8th Floor,Orlando,32813,wchidzoyn@tmall.com,3219325976
25,Karin,Cuncliffe,5,64726 Knutson Junction,Room 1325,Fresno,93740,kcuncliffeo@tripadvisor.com,5596629417
26,Gracia,Frissell,41,677 Center Avenue,,Columbia,29220,gfrissellp@rediff.com,8036799956
27,Addison,Gomby,34,20 Little Fleur Terrace,PO Box 25423,Raleigh,27626,agombyq@imdb.com,9197530931
28,Gweneth,Jenking,39,354 Del Sol Junction,,Allentown,18105,gjenkingr@mashable.com,6105187457
29,Luther,Pyson,28,398 Beilfuss Junction,,Omaha,68164,lpysons@goo.ne.jp,4026576759
30,Rodrigo,Achromov,47,780 Vera Road,2nd Floor,Norfolk,23509,rachromovt@ucoz.com,7579048915
31,Maxwell,Ivannikov,33,356 Briar Crest Place,PO Box 28758,Buffalo,14276,mivannikovu@alexa.com,7161950240
32,Eustacia,Arrington,5,9 Thierer Center,Apt 1475,Lancaster,93584,earringtonv@nature.com,6611772875
33,Alfredo,McIlheran,15,83 Tennessee Trail,Room 1009,Evansville,47725,amcilheranw@yale.edu,8128434163
34,Wyn,Saunders,34,95 David Circle,,Raleigh,27626,wsaundersx@noaa.gov,9198068378
35,Mable,Jachtym,28,1579 Hazelcrest Place,Apt 1844,Omaha,68124,mjachtymy@narod.ru,4028026517
36,Elfie,Fellenor,34,3274 Fremont Lane,,Winston Salem,27110,efellenorz@businessweek.com,3366283211
37,Erica,Urry,24,70516 Esker Point,PO Box 40106,Maple Plain,55572,eurry10@github.com,7633266434
38,Carleton,Nabbs,5,7 Laurel Avenue,,Sacramento,94237,cnabbs11@icq.com,9167852740
39,Ivy,Bonafacino,4,7064 Lyons Pass,,Fort Smith,72916,ibonafacino12@zdnet.com,4799009280
40,Kamillah,Cough,26,4618 Namekagon Avenue,,Kansas City,64109,kcough13@nbcnews.com,8169082301
41,Tamiko,Vedenisov,26,26035 Paget Road,,Kansas City,64114,tvedenisov14@hud.gov,8169836975
42,Swen,Brower,36,838 Cottonwood Junction,,Columbus,43215,sbrower15@cdc.gov,5136866880
43,Boot,Bromilow,5,0034 Onsgard Plaza,,Santa Barbara,93111,bbromilow16@wix.com,7028195821
44,Bessy,McMeanma,10,542 Daystar Alley,,Jacksonville,32215,bmcmeanma17@bloglovin.com,9049401641
45,Kirsteni,Frisdick,10,325 Sage Junction,,Pensacola,32595,kfrisdick18@samsung.com,8505276544
46,Milton,Brackenbury,22,0880 Mitchell Alley,,Boston,02298,mbrackenbury19@nymag.com,6174059215
47,Naoma,Natte,36,900 Holmberg Park,,Cincinnati,45203,nnatte1a@nih.gov,5138682197
48,Ivie,Tatterton,36,26 Transport Avenue,Room 250,Cincinnati,45271,itatterton1b@hibu.com,5138365541
49,Calley,Lingley,9,744 Sloan Drive,Apt 737,Washington,20414,clingley1c@facebook.com,2027268091
50,Conant,Wrench,28,57393 Mosinee Plaza,,Lincoln,68510,cwrench1d@nih.gov,4021037227
51,Nora,Adrien,37,5 Sunnyside Terrace,,Tulsa,74193,nadrien1e@odnoklassniki.ru,9183545443
52,Shaw,Filipczynski,10,400 Butterfield Drive,,Miami,33175,sfilipczynski1f@apple.com,3057774931
53,Shay,Erbain,28,5563 Badeau Place,,Omaha,68179,serbain1g@livejournal.com,4027257679
54,D'arcy,Grumell,44,61744 Brentwood Drive,,Corpus Christi,78470,dgrumell1h@google.pl,3618106127
55,Shell,Carnalan,44,92956 Schiller Court,19th Floor,El Paso,79968,scarnalan1i@nih.gov,9157235304
56,Faustina,Benzi,6,29 Northridge Way,Apt 514,Littleton,80126,fbenzi1j@samsung.com,3036312574
57,Jobie,Lifsey,37,323 Golf Street,,Oklahoma City,73167,jlifsey1k@live.com,4051920241
58,Dina,Shapero,50,70077 Dapin Alley,,Milwaukee,53225,dshapero1l@dedecms.com,4145059444
59,Byrle,Greatrex,45,742 Cambridge Terrace,,Salt Lake City,84130,bgreatrex1m@marketwatch.com,8018237801
60,Floria,Barnicott,47,88545 Oak Valley Place,,Charlottesville,22903,fbarnicott1n@biblegateway.com,4343503954
61,Lesli,Parradye,5,7 Arrowood Circle,Room 358,Sacramento,95813,lparradye1o@sun.com,9168258968
62,Gelya,Pudan,41,27260 Oriole Hill,Room 540,Columbia,29240,gpudan1p@booking.com,8039985149
63,Gordy,Lushey,1,87543 Hoffman Parkway,Apt 241,Montgomery,36109,glushey1q@marketwatch.com,3346230888
64,Germaine,Blasdale,44,54451 Ridgeview Park,,Dallas,75241,gblasdale1r@histats.com,9723037985
65,Demetra,Brozek,16,43219 Cottonwood Court,Room 792,Des Moines,50315,dbrozek1s@pen.io,5152490889
66,Margaretha,Avramchik,44,3816 Grim Junction,6th Floor,Midland,79705,mavramchik1t@mayoclinic.com,4321246564
67,Quent,Buggs,44,82 Toban Street,,El Paso,79994,qbuggs1u@com.com,9154924930
68,Suzie,Knotton,3,987 Hoard Drive,,Phoenix,85077,sknotton1v@histats.com,6026008152
69,Wiatt,Sarsfield,10,92700 Burrows Drive,,Tampa,33610,wsarsfield1w@bandcamp.com,8135912333
70,Gilbert,Muffen,10,7945 Milwaukee Trail,Room 1297,Boca Raton,33487,gmuffen1x@liveinternet.ru,5615369896
71,Othello,Hardwicke,48,2 Glacier Hill Avenue,,Seattle,98109,ohardwicke1y@1688.com,3604000333
72,Myrle,Gillibrand,44,1 Graceland Point,,Spring,77388,mgillibrand1z@unc.edu,4092440355
73,Boigie,Denial,31,32288 Killdeer Street,,Trenton,08619,bdenial20@de.vu,6091747173
74,Vance,Crinion,44,52602 Express Circle,Apt 344,El Paso,88563,vcrinion21@geocities.com,9156262106
75,Ramsay,Kille,5,80 Glacier Hill Alley,Suite 33,Los Angeles,90005,rkille22@usnews.com,5628865729
76,Mikkel,Zuanelli,39,229 Brown Road,,Philadelphia,19160,mzuanelli23@thetimes.co.uk,2159550472
77,Bernette,Keepin,49,8388 Elgar Street,,Huntington,25716,bkeepin24@acquirethisname.com,3047995835
78,Mellie,Eaden,6,07 South Drive,,Englewood,80150,meaden25@google.co.uk,3031782797
79,Jay,Gerdes,44,2575 Jana Drive,PO Box 25446,Tyler,75799,jgerdes26@webeden.co.uk,9038313121
80,Wheeler,Blackwood,11,48118 Heffernan Plaza,19th Floor,Atlanta,30328,wblackwood27@nih.gov,6783505723
81,Krispin,Eeles,28,2 Jay Terrace,Room 589,Lincoln,68583,keeles28@redcross.org,4022909964
82,Towny,Bakhrushin,5,333 Morningstar Point,,Moreno Valley,92555,tbakhrushin29@oracle.com,9515629204
83,Kenn,Corness,29,09810 Melvin Junction,Room 1169,Henderson,89012,kcorness2a@hostgator.com,7029399475
84,Colby,Challen,25,95229 Hansons Drive,Suite 11,Jackson,39204,cchallen2b@cloudflare.com,6016487217
85,Kerstin,Cotesford,33,22 Knutson Road,Apt 1678,New York City,10039,kcotesford2c@mapquest.com,9174607826
86,Elke,Rossant,5,0 Di Loreto Place,7th Floor,Stockton,95205,erossant2d@printfriendly.com,2097680703
87,Charles,Scrane,33,73 Arizona Point,,Brooklyn,11254,cscrane2e@state.tx.us,2122224173
88,Hoebart,Boneham,14,2 Mockingbird Avenue,Suite 60,Schaumburg,60193,hboneham2f@printfriendly.com,8474795883
89,Sidney,Vearncomb,23,719 Meadow Ridge Street,,Grand Rapids,49518,svearncomb2g@hp.com,6168554835
90,Ephraim,Garfield,45,11465 Graceland Lane,Apt 1736,Ogden,84403,egarfield2h@dell.com,8016499714
91,Aigneis,Angove,39,6997 Forest Run Trail,Apt 1114,Philadelphia,19136,aangove2i@geocities.com,2156082303
92,Junette,Banisch,37,133 Fremont Parkway,,Tulsa,74133,jbanisch2j@youtu.be,9187580811
93,Goldie,Avramovic,5,96456 Trailsway Drive,,Pasadena,91186,gavramovic2k@ftc.gov,6263795394
94,Bea,Peasby,3,194 Aberg Parkway,,Phoenix,85072,bpeasby2l@1688.com,6025295020
95,Connor,Simenel,26,92443 Kenwood Junction,,Springfield,65810,csimenel2m@yellowpages.com,4178183911
96,Twila,Truesdale,44,37850 Westerfield Point,,Austin,78759,ttruesdale2n@geocities.com,5128391477
97,Brendon,Belliard,1,477 Division Terrace,,Mobile,36605,bbelliard2o@berkeley.edu,2515248118
98,Skip,Townsley,48,6 Birchwood Circle,,Tacoma,98411,stownsley2p@miibeian.gov.cn,2532409458
99,Myles,Skippings,37,28090 Oakridge Road,,Tulsa,74184,mskippings2q@prnewswire.com,9182454403
100,Denni,Bartali,44,9284 Lyons Alley,PO Box 56851,Houston,77299,dbartali2r@answers.com,7131621513
101,Morena,Bauld,10,236 Ludington Avenue,,Tampa,33647,mbauld2s@reverbnation.com,8132490345
102,Alexis,Petheridge,49,44713 Algoma Crossing,Room 496,Huntington,25705,apetheridge2t@bigcartel.com,3045720949
103,Meagan,MacEnelly,22,96660 Sage Center,,Worcester,01654,mmacenelly2u@lycos.com,5083490291
104,Carmen,Crowcroft,23,3 Derek Point,Suite 100,Flint,48550,ccrowcroft2v@jiathis.com,8102743555
105,Rubetta,Younie,7,06 West Place,Apt 1243,New Haven,06538,ryounie2w@yelp.com,2031859013
106,Mandel,Maddern,39,56 Harbort Hill,,Harrisburg,17126,mmaddern2x@elegantthemes.com,7178839723
107,Lodovico,Bushaway,36,79105 Bashford Center,Apt 15,Cincinnati,45296,lbushaway2y@angelfire.com,5138834007
108,Jerome,Stuchberry,39,91656 Columbus Hill,,Philadelphia,19093,jstuchberry2z@cocolog-nifty.com,2151660555
109,Korie,Corten,22,3920 Sunfield Park,13th Floor,Springfield,01152,kcorten30@myspace.com,4138821428
110,Arnold,Heimann,47,06974 Dottie Road,PO Box 2863,Reston,22096,aheimann31@goodreads.com,5718084183
111,Kacy,Andrich,6,6 Kinsman Park,17th Floor,Denver,80241,kandrich32@4shared.com,3031678421
112,Chantal,Saunper,9,1 Northwestern Plaza,,Washington,20557,csaunper33@barnesandnoble.com,2027880036
113,Robinet,Dominec,10,0238 Monument Crossing,Suite 95,Homestead,33034,rdominec34@army.mil,7866565501
114,Byrann,Trebbett,12,137 Truax Junction,,Honolulu,96820,btrebbett35@mac.com,8081693441
115,Stepha,Ties,13,0 Bunting Way,Room 96,Boise,83705,sties36@domainmarket.com,2084589189
116,Anne-corinne,Sieur,47,95 South Pass,,Fredericksburg,22405,asieur37@paypal.com,5401089368
117,Kylila,Addis,39,6 Mayfield Place,PO Box 16128,Harrisburg,17121,kaddis38@ucsd.edu,7171536807
118,Osgood,Tomaini,44,2 Mayfield Park,PO Box 49608,Houston,77075,otomaini39@fc2.com,8323214453
119,Ollie,Dytham,9,738 Nancy Street,PO Box 55063,Washington,20535,odytham3a@ebay.com,2022192658
120,Freddie,Ubach,5,4692 Kropf Pass,PO Box 74034,Riverside,92505,fubach3b@twitpic.com,9092430853
121,Bobine,Dilnot,5,12 Schmedeman Terrace,Room 43,Santa Cruz,95064,bdilnot3c@nydailynews.com,8314741860
122,Betta,Amys,7,9092 Sauthoff Point,Suite 85,Stamford,06922,bamys3d@alexa.com,2038057672
123,Kele,Grissett,44,9 Namekagon Terrace,,Austin,78759,kgrissett3e@mashable.com,5123674727
124,Worden,Ovendale,44,203 Loftsgordon Street,15th Floor,Dallas,75205,wovendale3f@nps.gov,9727081316
125,Tamarra,Beamand,47,3 Menomonie Alley,Suite 81,Richmond,23237,tbeamand3g@indiegogo.com,8049683279
126,Loise,Lodeke,7,8 Westerfield Terrace,,Waterbury,06705,llodeke3h@dropbox.com,2039214993
127,Dorie,Mulbery,28,2959 Buhler Way,Room 1754,Lincoln,68517,dmulbery3i@digg.com,4022771274
128,Sybilla,Ungerechts,23,843 Lerdahl Court,PO Box 58787,Detroit,48217,sungerechts3j@yahoo.co.jp,3134808233
129,Jimmie,Waldie,22,023 Northridge Junction,,Brockton,02305,jwaldie3k@facebook.com,5088441590
130,Cecil,Pfaffel,50,30 Northwestern Drive,Room 110,Madison,53726,cpfaffel3l@diigo.com,6087831367
131,Eugenio,Kield,36,003 Judy Junction,2nd Floor,Toledo,43666,ekield3m@imageshack.us,4198648527
132,Wain,Plester,14,6775 Barby Terrace,PO Box 61863,East Saint Louis,62205,wplester3n@alibaba.com,6189411955
133,Ingeberg,Uphill,39,055 Brown Alley,Apt 3,Lancaster,17622,iuphill3o@usgs.gov,7179992205
134,Zack,Wheelband,5,99749 Washington Crossing,Suite 99,Palo Alto,94302,zwheelband3p@youtube.com,6504282810
135,Dore,Limprecht,34,3408 Victoria Street,PO Box 66646,Wilmington,28405,dlimprecht3q@multiply.com,9108042474
136,Jo,Hakeworth,29,1013 Saint Paul Road,PO Box 63167,Las Vegas,89145,jhakeworth3r@networkadvertising.org,7023209416
137,Christoph,Ingman,23,37 Jenifer Point,,Lansing,48930,cingman3s@usnews.com,5172673466
138,Marylou,Cluley,18,5 Westerfield Center,,Louisville,40287,mcluley3t@meetup.com,5025196188
139,Alister,Pyrton,14,7854 Springs Hill,,Springfield,62764,apyrton3u@woothemes.com,2171029901
140,Shantee,Blasgen,12,98 Jenna Way,,Honolulu,96810,sblasgen3v@census.gov,8089257592
141,Fleurette,Stivens,5,3826 Eliot Court,10th Floor,Northridge,91328,fstivens3w@chronoengine.com,8188798680
142,Lela,Heakey,24,95846 John Wall Parkway,Suite 64,Saint Paul,55146,lheakey3x@sitemeter.com,6514165300
143,Kelcy,Rosenfeld,10,706 Tennessee Terrace,,Tampa,33615,krosenfeld3y@twitter.com,8131261939
144,Janella,Dominec,33,5670 Longview Court,,Buffalo,14220,jdominec3z@telegraph.co.uk,7164115983
145,Blaire,Connikie,48,14992 Derek Pass,,Seattle,98158,bconnikie40@symantec.com,3601371763
146,Inness,Futcher,31,033 Dorton Terrace,,Newark,07195,ifutcher41@businesswire.com,8625717193
147,Melanie,Wasteney,35,8918 Donald Circle,Room 79,Fargo,58106,mwasteney42@pbs.org,7018847447
148,Bell,Barrs,34,547 Summer Ridge Way,,Raleigh,27658,bbarrs43@tinypic.com,9197608412
149,Hinda,Bittlestone,48,3 Dapin Street,,Tacoma,98447,hbittlestone44@printfriendly.com,2533015063
150,Ambrose,Stears,33,32 Duke Hill,,New York City,10292,astears45@ox.ac.uk,2123341200
151,Rebecka,Margarson,1,0298 Cascade Trail,,Mobile,36628,rmargarson46@indiatimes.com,2511303526
152,Valerie,Jacob,36,1423 Butterfield Crossing,Apt 554,Canton,44705,vjacob47@vkontakte.ru,3304740557
153,Christopher,Krugmann,39,63487 Bluejay Trail,9th Floor,Erie,16550,ckrugmann48@studiopress.com,8142933638
154,Costanza,Margach,28,89836 Gateway Pass,,Lincoln,68524,cmargach49@devhub.com,4022200803
155,Damita,Astridge,22,3422 Village Alley,Apt 1432,Worcester,01654,dastridge4a@vk.com,5085374808
156,Perrine,Horrell,10,832 Gateway Way,,Pinellas Park,34665,phorrell4b@trellian.com,8506863470
157,Halsey,Dinnis,15,360 Hallows Center,Apt 1097,South Bend,46634,hdinnis4c@miitbeian.gov.cn,5743286456
158,Belia,Perrot,2,16568 Fuller Alley,Suite 97,Anchorage,99512,bperrot4d@webmd.com,9076045486
159,Maryjane,Edgeller,5,00 Kropf Circle,Apt 1265,Pasadena,91103,medgeller4e@123-reg.co.uk,3236510318
160,Alexa,Blatcher,22,0833 Brickson Park Pass,15th Floor,Brockton,02305,ablatcher4f@unc.edu,5087333914
161,Lorilyn,Torresi,44,279 Continental Alley,PO Box 83080,San Antonio,78278,ltorresi4g@hubpages.com,2102625813
162,Sada,Caldroni,28,0 Westend Place,,Lincoln,68517,scaldroni4h@slashdot.org,4027788491
163,Riane,Graves,13,33 Lyons Junction,,Idaho Falls,83405,rgraves4i@4shared.com,2087813196
164,Matti,Gilli,47,83 Hoard Drive,,Virginia Beach,23471,mgilli4j@wp.com,7575261357
165,Leonelle,Jurn,24,5764 Buell Avenue,,Saint Paul,55188,ljurn4k@vkontakte.ru,6511770535
166,Elisabet,MacChaell,1,8602 Prairieview Street,Room 1462,Montgomery,36109,emacchaell4l@google.pl,3341716265
167,Annice,Albiston,36,7 Ridgeview Avenue,,Canton,44720,aalbiston4m@nifty.com,2344405961
168,Ally,Carress,33,15 Mendota Lane,14th Floor,New York City,10029,acarress4n@about.com,9179538801
169,Peirce,Spincke,26,182 Northport Plaza,7th Floor,Jefferson City,65110,pspincke4o@house.gov,5731601334
170,Modestia,Pennigar,5,62648 Grover Road,Suite 26,Los Angeles,90087,mpennigar4p@over-blog.com,2137165853
171,Noah,Brookesbie,12,09 Graedel Court,PO Box 69581,Honolulu,96840,nbrookesbie4q@columbia.edu,8081381159
172,Valli,Drance,33,266 Killdeer Trail,7th Floor,New Hyde Park,11044,vdrance4r@twitter.com,5166302675
173,Dalila,Powney,44,17 Grayhawk Hill,Suite 20,Corpus Christi,78475,dpowney4s@webmd.com,3614345276
174,Shea,Rolley,32,255 Dapin Drive,Suite 69,Albuquerque,87105,srolley4t@cloudflare.com,5055230992
175,Brandise,Hinners,29,2 Arrowood Park,,Henderson,89012,bhinners4u@nhs.uk,7021393977
176,Yuma,Springell,29,7 Scofield Park,,Carson City,89706,yspringell4v@biglobe.ne.jp,7757626976
177,Skell,Robillard,5,5 Dapin Place,Room 457,Sacramento,95838,srobillard4w@nydailynews.com,9161455574
178,Blondie,Baldinotti,11,425 Crest Line Avenue,,Albany,31704,bbaldinotti4x@economist.com,2299617330
179,Roger,MacGillavery,44,73 Lake View Center,,Humble,77346,rmacgillavery4y@cisco.com,2815196109
180,Lenna,Pennetti,16,15045 Glacier Hill Avenue,13th Floor,Des Moines,50362,lpennetti4z@cmu.edu,5159334858
181,Tabby,Lacey,47,5813 Harper Place,,Arlington,22225,tlacey50@csmonitor.com,5712259648
182,Chelsea,Birdsall,11,9 Hoard Point,,Savannah,31422,cbirdsall51@live.com,9126396382
183,Abbe,Odam,29,22457 Pawling Junction,,Las Vegas,89160,aodam52@acquirethisname.com,7028464397
184,Charil,Brimmell,16,6455 Starling Trail,Suite 33,Des Moines,50393,cbrimmell53@furl.net,5155840599
185,Drucy,Housley,11,17 6th Parkway,Apt 240,Atlanta,31165,dhousley54@wufoo.com,4046663621
186,Murry,Tiuit,16,086 Scofield Place,Suite 51,Cedar Rapids,52410,mtiuit55@t-online.de,3191003918
187,Emelina,Domanek,25,6 Warbler Avenue,Room 132,Hattiesburg,39404,edomanek56@jigsy.com,6019400181
188,Hannah,Pudney,3,5 Calypso Hill,,Glendale,85311,hpudney57@nyu.edu,6022890974
189,Shayna,Delhanty,47,82616 Packers Parkway,8th Floor,Falls Church,22047,sdelhanty58@hexun.com,5712454879
190,Em,Karys,44,58 Talmadge Hill,,El Paso,88541,ekarys59@yelp.com,9153092758
191,Briana,Moreland,47,5 Continental Avenue,,Roanoke,24034,bmoreland5a@de.vu,5406532542
192,Silvie,Boome,44,501 Meadow Valley Lane,,Houston,77045,sboome5b@nature.com,2816932097
193,Dalston,Murty,5,0868 Cody Road,PO Box 89608,Garden Grove,92645,dmurty5c@berkeley.edu,7148678765
194,Archer,Philippon,44,7 Elmside Lane,,Dallas,75246,aphilippon5d@nationalgeographic.com,2143721803
195,Xever,Northway,15,0 Eagle Crest Alley,Room 1013,Muncie,47306,xnorthway5e@miitbeian.gov.cn,7652097973
196,Roxie,Brixey,5,8052 Coolidge Way,Apt 406,Los Angeles,90094,rbrixey5f@a8.net,3236348955
197,Eleanore,Jirsa,33,411 Drewry Street,,Syracuse,13210,ejirsa5g@ucsd.edu,3153458313
198,Thorsten,MacFayden,15,050 Golf View Junction,,Indianapolis,46221,tmacfayden5h@archive.org,3178593316
199,Elizabeth,Galliver,21,566 Kennedy Plaza,,Baltimore,21282,egalliver5i@tripadvisor.com,4104129630
200,Editha,Dunseith,44,15182 Basil Alley,,Corpus Christi,78410,edunseith5j@51.la,3618526235
201,Tabbitha,Entreis,6,706 Forest Plaza,,Aurora,80045,tentreis5k@biglobe.ne.jp,3032030903
202,Prudence,Koschek,9,83 Maywood Street,Room 602,Washington,20205,pkoschek5l@census.gov,2024157089
203,Noella,Makeswell,44,04 Bobwhite Junction,,Amarillo,79105,nmakeswell5m@theatlantic.com,8063112235
204,Rafe,Morphew,26,722 Harbort Center,,Kansas City,64142,rmorphew5n@newyorker.com,8166406662
205,Kendra,Stillmann,44,5939 Mallard Center,Suite 4,Houston,77035,kstillmann5o@nih.gov,7131313903
206,Ronny,Donaho,1,45 Texas Trail,,Birmingham,35231,rdonaho5p@wordpress.com,2054723544
207,Holden,Bordessa,44,421 Drewry Alley,Room 1128,Houston,77065,hbordessa5q@purevolume.com,8328610525
208,Foster,Fardell,6,0046 Cody Place,Suite 47,Denver,80204,ffardell5r@cdc.gov,3033810367
209,Mattie,Edmans,34,246 American Ash Parkway,,Charlotte,28242,medmans5s@flavors.me,7043672239
210,Gabbie,Griffithe,10,54366 Towne Park,,Pensacola,32511,ggriffithe5t@army.mil,8502834430
211,Tami,Jahns,5,738 7th Drive,,Van Nuys,91499,tjahns5u@gnu.org,2131466243
212,Martina,Wynter,11,75480 Anderson Trail,,Atlanta,30351,mwynter5v@tripod.com,4043008140
213,Kesley,Bourhill,45,672 Dexter Center,PO Box 83852,Salt Lake City,84140,kbourhill5w@usnews.com,8016857504
214,Tomaso,Arnecke,34,84 South Trail,Suite 77,Charlotte,28263,tarnecke5x@cbslocal.com,7046672749
215,Neille,Ivanchin,7,42408 Killdeer Junction,Room 641,New Haven,06510,nivanchin5y@japanpost.jp,2036756089
216,Caye,Landreth,2,2 6th Way,,Anchorage,99517,clandreth5z@loc.gov,9079596797
217,Marshall,Andryunin,43,499 Mallory Road,,Knoxville,37924,mandryunin60@people.com.cn,8655988527
218,Lefty,Ringwood,8,6 Anhalt Road,Apt 186,Wilmington,19805,lringwood61@answers.com,3024199146
219,Marita,Valentelli,12,04170 Sugar Avenue,,Honolulu,96825,mvalentelli62@dyndns.org,8082064859
220,Yuma,Dysart,25,4 Thompson Place,Room 279,Jackson,39236,ydysart63@fastcompany.com,6019200457
221,Moore,Brookwood,10,37951 Crowley Street,Apt 1159,Kissimmee,34745,mbrookwood64@ibm.com,4073125112
222,Farrell,Zima,14,137 Gale Terrace,PO Box 86394,Champaign,61825,fzima65@myspace.com,2172143055
223,Bond,Windrass,5,100 Crowley Center,PO Box 4420,Fullerton,92640,bwindrass66@npr.org,5593695013
224,Shanta,Braisby,1,68 Lake View Point,17th Floor,Mobile,36689,sbraisby67@nasa.gov,2516635728
225,Glad,Sales,44,0 Dapin Park,,San Angelo,76905,gsales68@macromedia.com,3254383861
226,Cindie,Collymore,6,27 Onsgard Court,,Denver,80235,ccollymore69@sohu.com,7202180961
227,Odell,Doorbar,19,6 Bluejay Way,,Metairie,70005,odoorbar6a@histats.com,5045714582
228,Harmonie,Billingsley,39,01 Thackeray Parkway,,Pittsburgh,15250,hbillingsley6b@cmu.edu,4127189974
229,Alla,Grinaugh,19,4537 Dwight Court,,New Orleans,70160,agrinaugh6c@oracle.com,5047904561
230,Cris,Cocks,44,3676 Hermina Street,Room 1537,Dallas,75397,ccocks6d@booking.com,2146841672
231,Tonia,Sleeford,17,1 Drewry Terrace,11th Floor,Shawnee Mission,66210,tsleeford6e@china.com.cn,9134274029
232,Calida,Duckworth,47,6672 Forest Way,Suite 89,Reston,20195,cduckworth6f@instagram.com,7033904973
233,Cyrus,Boulden,6,30 Karstens Center,Apt 516,Denver,80243,cboulden6g@xing.com,3031481992
234,Wat,Buffin,47,470 Chinook Trail,Apt 904,Norfolk,23504,wbuffin6h@usatoday.com,7579176945
235,Francis,Kopmann,5,1536 Londonderry Crossing,PO Box 98345,San Jose,95155,fkopmann6i@ycombinator.com,4087097343
236,Estell,Smartman,47,3 Logan Pass,,Richmond,23289,esmartman6j@geocities.com,8045908722
237,Aile,Yeoman,39,7535 Evergreen Way,,Philadelphia,19146,ayeoman6k@hexun.com,2672226172
238,Dasha,Bicheno,10,5739 Thierer Road,,Orlando,32854,dbicheno6l@forbes.com,4079168113
239,Briney,Redpath,6,3 Artisan Way,Apt 416,Denver,80223,bredpath6m@chronoengine.com,3034441587
240,Gates,Daveridge,10,1 Steensland Hill,Apt 397,Saint Petersburg,33742,gdaveridge6n@un.org,7278082380
241,Caprice,Warr,10,541 Lillian Parkway,,Fort Lauderdale,33345,cwarr6o@php.net,7543705902
242,Maxim,Pearton,10,667 3rd Road,PO Box 95202,Tampa,33610,mpearton6p@behance.net,8139391649
243,Caye,Marham,48,125 Mosinee Park,PO Box 83364,Tacoma,98481,cmarham6q@squarespace.com,2531759440
244,Meir,Canizares,5,90363 New Castle Hill,PO Box 2524,Irvine,92612,mcanizares6r@washingtonpost.com,9492101784
245,Ivory,Lockart,39,0220 Lerdahl Crossing,,Erie,16565,ilockart6s@barnesandnoble.com,8146892066
246,Israel,Westmancoat,15,26571 Anderson Court,,Crawfordsville,47937,iwestmancoat6t@arstechnica.com,7653105656
247,Kayley,Fallanche,44,5 Oakridge Pass,Apt 1989,Dallas,75310,kfallanche6u@hexun.com,2141055336
248,Jo-ann,Dalley,5,25913 Charing Cross Place,PO Box 41367,San Luis Obispo,93407,jdalley6v@163.com,8055620171
249,Vallie,Niemiec,33,3357 Spenser Terrace,,Jamaica,11470,vniemiec6w@sourceforge.net,9171591380
250,Brooke,Grimsey,44,10426 Anhalt Point,Room 128,Tyler,75705,bgrimsey6x@cpanel.net,9035590575
251,Maureene,Navarro,10,3 Melrose Alley,Room 1333,Largo,33777,mnavarro6y@businesswire.com,7274907930
252,Kimmy,Montilla,5,138 Pierstorff Park,16th Floor,Riverside,92519,kmontilla6z@usgs.gov,9517970274
253,Kacey,Pinckney,43,590 Dawn Alley,,Memphis,38131,kpinckney70@indiegogo.com,9013555452
254,Alyosha,Hatchett,10,26 Chive Terrace,,Cape Coral,33915,ahatchett71@umn.edu,2391135847
255,Xymenes,Paty,5,3201 Everett Center,,Garden Grove,92844,xpaty72@wikimedia.org,7147247232
256,Dav,Wray,26,85 Novick Place,,Jefferson City,65105,dwray73@ning.com,5733560182
257,Lonnie,Grimbaldeston,11,41219 Cascade Drive,3rd Floor,Savannah,31416,lgrimbaldeston74@statcounter.com,9128691664
258,Deina,Allum,5,1361 Hovde Park,Apt 360,Brea,92822,dallum75@nasa.gov,7146265004
259,Nellie,Sexten,29,19 Lighthouse Bay Plaza,,Sparks,89436,nsexten76@de.vu,7759955325
260,Webster,Pritty,44,8802 Maple Wood Avenue,20th Floor,Dallas,75221,wpritty77@cdbaby.com,9726872101
261,Rutter,Camamile,14,73215 Rieder Point,,Springfield,62776,rcamamile78@blog.com,2171259659
262,Webb,Schohier,44,27506 Brickson Park Avenue,,Austin,78764,wschohier79@buzzfeed.com,5124801273
263,Em,Klulik,1,38 Monica Lane,,Birmingham,35242,eklulik7a@jiathis.com,2053379418
264,Evy,Penwright,1,07 Di Loreto Avenue,,Birmingham,35290,epenwright7b@cnet.com,2058429657
265,Barclay,Jakoubec,44,4 Kennedy Circle,,El Paso,79916,bjakoubec7c@surveymonkey.com,9152354301
266,Alasdair,Hing,36,868 Becker Crossing,Room 668,Lima,45807,ahing7d@blogtalkradio.com,4197031103
267,Alverta,Annis,45,1 Marquette Point,,Salt Lake City,84115,aannis7e@yahoo.com,8014568751
268,Luis,Cardenosa,15,591 Spohn Plaza,,South Bend,46614,lcardenosa7f@prlog.org,5748274571
269,Gennifer,Pernell,10,650 Fallview Drive,,Pensacola,32590,gpernell7g@t.co,8509366636
270,Mufi,Dumper,33,4 North Park,,New York City,10079,mdumper7h@icio.us,2125980332
271,Julieta,Cartmill,18,0 Corry Junction,,Louisville,40220,jcartmill7i@pen.io,5026110203
272,Udale,Milby,33,8681 Farwell Junction,Suite 22,Brooklyn,11247,umilby7j@ft.com,2123901732
273,Stanleigh,Keysel,36,93977 Westend Alley,,Akron,44315,skeysel7k@yelp.com,3302663791
274,Devonne,Pellew,5,585 Hanson Lane,Room 1307,Santa Barbara,93150,dpellew7l@ezinearticles.com,8059650909
275,Bordy,Long,50,55757 Stang Point,,Madison,53726,blong7m@sohu.com,6084424086
276,Pauly,Kytley,48,115 Maple Terrace,,Tacoma,98447,pkytley7n@google.co.jp,2535531834
277,Randi,Caughtry,34,11 Moland Terrace,,Charlotte,28247,rcaughtry7o@google.nl,7042321267
278,Forest,Farlow,22,252 Veith Circle,PO Box 60190,Lynn,01905,ffarlow7p@1und1.de,6173818009
279,Duane,Dewar,5,5921 Kim Street,PO Box 20964,Mountain View,94042,ddewar7q@sitemeter.com,6506992260
280,Monti,Licas,10,62402 Dahle Circle,,Pensacola,32505,mlicas7r@china.com.cn,8503377106
281,Elyn,Newbold,39,4677 Corben Trail,Apt 87,Erie,16534,enewbold7s@nasa.gov,8145509681
282,Cedric,Regorz,7,78197 Oneill Place,,Hartford,06140,cregorz7t@go.com,8608386016
283,Daniela,Tindley,5,4933 Boyd Trail,Suite 21,Santa Monica,90405,dtindley7u@skype.com,8184385244
284,Yolane,Novotna,41,34 Green Ridge Alley,Room 1359,Columbia,29225,ynovotna7v@goo.gl,8032719915
285,Rufe,Eim,18,036 Clove Trail,20th Floor,Lexington,40505,reim7w@altervista.org,8599881228
286,Efrem,Hugnot,18,08986 Dennis Parkway,,Lexington,40596,ehugnot7x@pcworld.com,8594128700
287,Hort,Mattosoff,10,6 Schurz Trail,Apt 458,Seminole,34642,hmattosoff7y@gmpg.org,9418559062
288,Adriane,Chainey,49,88 Bashford Hill,,Huntington,25721,achainey7z@nasa.gov,3047998837
289,Kynthia,Eberdt,6,96 Reindahl Way,Suite 81,Denver,80228,keberdt80@chronoengine.com,3038157569
290,Vasili,Dennehy,5,13501 Arkansas Alley,,San Francisco,94116,vdennehy81@google.pl,4151651242
291,Sibbie,Walton,33,3 Emmet Park,Apt 1699,New York City,10009,swalton82@unblog.fr,6463236449
292,Maurizio,Dunphie,6,734 Melby Hill,,Pueblo,81005,mdunphie83@github.com,7193829377
293,Trixi,Cossins,10,75115 Iowa Pass,Suite 96,Orlando,32808,tcossins84@skyrock.com,4075679593
294,Theresita,Birchwood,10,0399 Carey Crossing,,Panama City,32405,tbirchwood85@opensource.org,8509987129
295,Friedrick,Harrow,10,5836 Ryan Street,PO Box 93361,Tampa,33633,fharrow86@eventbrite.com,8132872681
296,Alyda,Canto,5,9 Heffernan Lane,Suite 88,Torrance,90505,acanto87@forbes.com,3104911966
297,Bartlet,Ucceli,44,27148 Tony Hill,Suite 38,Texarkana,75507,bucceli88@oracle.com,9036221550
298,Seward,Brahm,24,766 School Plaza,Apt 1906,Minneapolis,55446,sbrahm89@ebay.co.uk,7635818952
299,Bibbie,Purle,44,1 Golf View Way,,Denton,76205,bpurle8a@sun.com,8171083094
300,Lynett,Fulger,10,9334 Arkansas Crossing,14th Floor,Pensacola,32575,lfulger8b@com.com,8507706229
301,Laney,Scruby,9,50569 Glacier Hill Lane,Room 1695,Washington,20580,lscruby8c@yolasite.com,2025055450
302,Alica,Malster,18,8447 David Road,,Lexington,40515,amalster8d@rakuten.co.jp,8596516208
303,Katrinka,McGowran,44,2230 Washington Terrace,,Dallas,75379,kmcgowran8e@redcross.org,2141918321
304,Vikky,Rook,50,825 Summer Ridge Pass,,Milwaukee,53263,vrook8f@aol.com,4143861270
305,Andie,Reyner,5,01 Arapahoe Point,,Oceanside,92056,areyner8g@dedecms.com,8587444699
306,Tedmund,Slite,41,04709 Crowley Street,,Columbia,29240,tslite8h@google.ca,8038548770
307,Kit,Ferrari,44,32751 Union Drive,,El Paso,79916,kferrari8i@chron.com,9156396413
308,Maighdiln,Merner,17,503 Dryden Street,PO Box 88873,Topeka,66699,mmerner8j@ucoz.com,7853504622
309,Mariele,Chinnery,3,4 Independence Center,Suite 92,Phoenix,85072,mchinnery8k@umich.edu,6025450100
310,Doug,Ceely,44,73 Nancy Circle,,El Paso,79989,dceely8l@seesaa.net,9159629355
311,Ajay,August,47,420 School Pass,Suite 39,Manassas,22111,aaugust8m@telegraph.co.uk,4347187225
312,Jordan,Linsley,17,67 Stang Avenue,,Shawnee Mission,66276,jlinsley8n@apache.org,9133467528
313,Kristan,Yurchenko,37,56215 Nelson Circle,,Oklahoma City,73135,kyurchenko8o@mysql.com,4059178164
314,Matthus,Colleymore,8,115 Memorial Plaza,,Wilmington,19810,mcolleymore8p@patch.com,3026569525
315,Remington,De Zuani,14,33414 Hoffman Pass,Suite 47,Rockford,61110,rdezuani8q@google.ca,8158869991
316,Koralle,Garmans,33,18989 Ilene Alley,Apt 1136,New York City,10292,kgarmans8r@telegraph.co.uk,2126953208
317,Noelle,Pydcock,44,60804 Thackeray Way,PO Box 75546,Houston,77045,npydcock8s@naver.com,7132051968
318,Noelyn,Jeannesson,50,06004 Mockingbird Court,,Madison,53779,njeannesson8t@sciencedirect.com,6089538833
319,Rahel,Behning,42,4624 Bayside Pass,,Sioux Falls,57198,rbehning8u@phoca.cz,6058147543
320,Enriqueta,McPeeters,26,3931 Debra Alley,,Saint Louis,63158,emcpeeters8v@domainmarket.com,3146147111
321,Barb,Toffano,33,6574 Logan Park,,Albany,12227,btoffano8w@lulu.com,5182827348
322,Kayla,Pinson,33,7 Vidon Terrace,,Buffalo,14210,kpinson8x@domainmarket.com,7165958809
323,Nixie,Yurinov,47,03 Hallows Circle,,Fairfax,22036,nyurinov8y@comsenz.com,5719717237
324,Isabella,Ferri,10,35 Anthes Point,PO Box 51805,Jacksonville,32204,iferri8z@shareasale.com,9046538653
325,Hedi,Bischoff,36,4 Lukken Circle,Suite 3,Toledo,43615,hbischoff90@gmpg.org,4198279458
326,Ingar,Morfey,22,91 Bluejay Alley,,Lynn,01905,imorfey91@oracle.com,6173606057
327,Clarabelle,Geharke,24,1530 Heath Point,,Saint Paul,55115,cgeharke92@ucsd.edu,7634779749
328,Ania,Ripley,10,9 Rigney Terrace,,Fort Lauderdale,33305,aripley93@dedecms.com,9546127628
329,Elisa,Mawford,47,3326 Sullivan Crossing,,Arlington,22225,emawford94@indiatimes.com,5712424938
330,Ursola,Junkison,21,43 Riverside Lane,,Baltimore,21203,ujunkison95@canalblog.com,4101342868
331,Marijn,Hallad,5,2185 Golf Place,Apt 1570,Fresno,93709,mhallad96@histats.com,5594497365
332,Brett,Holbie,36,862 Dayton Court,,Dayton,45408,bholbie97@acquirethisname.com,9373356762
333,Berry,Kneebone,44,000 Rutledge Junction,,Dallas,75310,bkneebone98@examiner.com,2144120488
334,Randy,Gerty,1,5 Westport Way,,Huntsville,35810,rgerty99@flickr.com,2562892070
335,Sheree,Roblett,14,5 Roth Plaza,Apt 1679,Aurora,60505,sroblett9a@oracle.com,6307609560
336,Chadd,Vivers,5,6280 Dawn Park,,Santa Monica,90410,cvivers9b@spotify.com,3104872300
337,Maria,Alyokhin,11,0004 Mccormick Junction,PO Box 78258,Macon,31217,malyokhin9c@ning.com,9123866742
338,Willem,Lattie,5,999 Fairview Drive,,San Jose,95160,wlattie9d@time.com,4081026689
339,Etti,Velasquez,33,042 Mcbride Lane,Room 1853,New York City,10270,evelasquez9e@technorati.com,6468453939
340,Ambrosio,Clemmens,11,776 Kipling Court,Apt 709,Atlanta,30316,aclemmens9f@tuttocitta.it,6783618344
341,Natasha,Carlisle,5,55 Farwell Place,PO Box 89264,Bakersfield,93399,ncarlisle9g@blogger.com,6618831715
342,Anica,Bambridge,26,0622 Oriole Road,,Jefferson City,65110,abambridge9h@tumblr.com,5739847423
343,Dorolisa,Pallatina,47,9 Cherokee Drive,,Richmond,23277,dpallatina9i@ocn.ne.jp,8049205880
344,Lennard,Risson,9,89 Twin Pines Place,,Washington,20036,lrisson9j@comcast.net,2021173594
345,Goldina,China,18,12787 Rockefeller Park,Room 331,Louisville,40280,gchina9k@army.mil,5021082608
346,Sheeree,Hessay,36,375 Bellgrove Hill,Apt 1726,Dayton,45414,shessay9l@ft.com,9371400035
347,Ara,Slopier,28,52 Vahlen Parkway,11th Floor,Omaha,68105,aslopier9m@ezinearticles.com,4026475208
348,Ingunna,O'Loinn,37,24400 Hermina Circle,,Oklahoma City,73109,ioloinn9n@economist.com,4059138311
349,Coral,Danell,22,173 East Drive,15th Floor,Boston,02109,cdanell9o@umn.edu,6171301421
350,Gregor,Hyman,7,5 Bluejay Road,,Norwalk,06859,ghyman9p@ycombinator.com,2037626836
351,Christos,Flea,26,5 Thompson Hill,,Kansas City,64179,cflea9q@ask.com,8164873530
352,Mildrid,Dorro,34,58808 Randy Street,Room 102,Fayetteville,28314,mdorro9r@histats.com,9105487853
353,Ronalda,Grube,5,5 Leroy Avenue,PO Box 22604,San Jose,95155,rgrube9s@gravatar.com,4086571484
354,Karleen,Lindenbluth,25,38112 Hansons Court,Apt 1879,Jackson,39282,klindenbluth9t@cpanel.net,6017627993
355,Darsey,Biddiss,10,3032 Springs Road,,Zephyrhills,33543,dbiddiss9u@virginia.edu,8139751760
356,Boony,Deeson,10,4 Ohio Park,19th Floor,Clearwater,34629,bdeeson9v@howstuffworks.com,7275111420
357,Lori,Simek,6,1 Upham Crossing,Apt 3,Denver,80279,lsimek9w@thetimes.co.uk,3039440244
358,Vera,Vinson,19,187 Maple Hill,,Baton Rouge,70883,vvinson9x@intel.com,2258933914
359,Rik,MacCahey,11,337 Lakewood Plaza,4th Floor,Marietta,30066,rmaccahey9y@engadget.com,6788439096
360,Wat,Adamovsky,21,2447 Warbler Park,Apt 960,Frederick,21705,wadamovsky9z@harvard.edu,2404359636
361,Lazaro,Antrack,33,0994 Vidon Way,Room 496,Brooklyn,11241,lantracka0@sina.com.cn,3472695197
362,Nathalie,Benoiton,6,5 Crest Line Center,Room 1464,Littleton,80126,nbenoitona1@ucoz.ru,7203263331
363,Luelle,Fiander,36,47183 Tennessee Point,,Cleveland,44177,lfiandera2@privacy.gov.au,4409945828
364,Elianore,Paulat,33,1 Northland Alley,PO Box 84805,New York City,10019,epaulata3@oaic.gov.au,6468299604
365,Kristoforo,Crossthwaite,17,93 Johnson Hill,,Topeka,66622,kcrossthwaitea4@odnoklassniki.ru,7859442521
366,Magdalen,Malyj,39,757 Waywood Plaza,PO Box 11215,Pittsburgh,15255,mmalyja5@360.cn,4121743921
367,Alina,Skelington,5,662 Hoepker Junction,Suite 64,Sacramento,94257,askelingtona6@geocities.com,9162376427
368,Davidde,Struys,29,55 Northwestern Crossing,,Reno,89510,dstruysa7@engadget.com,7755416616
369,Jacqueline,Henrys,15,679 Lien Point,,Indianapolis,46221,jhenrysa8@hhs.gov,3179479517
370,Haydon,Poyle,6,2 Butterfield Hill,,Denver,80217,hpoylea9@twitpic.com,3031989213
371,Johny,Oddie,44,1 Old Gate Parkway,Room 919,Fort Worth,76105,joddieaa@storify.com,6825748137
372,Reuben,Maxsted,5,3282 Service Court,,Santa Barbara,93150,rmaxstedab@webmd.com,8051383534
373,Shaylah,Donohue,33,45 Hoffman Road,Apt 1333,Staten Island,10305,sdonohueac@twitter.com,7188093054
374,Ernesto,Flude,31,2311 Farragut Drive,,Trenton,08603,efludead@hc360.com,6091553312
375,Clari,Rainger,6,6 Comanche Center,PO Box 5438,Colorado Springs,80945,craingerae@sfgate.com,7197782314
376,Shea,Booth-Jarvis,44,0474 Lillian Junction,Suite 8,San Antonio,78245,sboothjarvisaf@seesaa.net,8305538725
377,Iormina,Renbold,44,764 Veith Court,Apt 379,Houston,77020,irenboldag@google.co.jp,2814085510
378,Rozella,Rampley,6,2 Sullivan Point,,Denver,80217,rrampleyah@goo.ne.jp,3038756321
379,Louisette,O'Dreain,10,40 Schmedeman Crossing,PO Box 75373,Tampa,33620,lodreainai@cisco.com,8136652084
380,Kiley,Birmingham,5,66133 Superior Trail,,San Diego,92191,kbirminghamaj@mayoclinic.com,6191260584
381,Sherman,Fishleigh,11,32 Washington Parkway,Suite 27,Norcross,30092,sfishleighak@earthlink.net,6784969271
382,Clotilda,Follos,39,723 Kinsman Road,,Lancaster,17605,cfollosal@tumblr.com,7179831687
383,Mufinella,Wigin,44,55 Cambridge Parkway,,Dallas,75397,mwiginam@infoseek.co.jp,2142381992
384,Adriena,Leamon,47,34 Loftsgordon Lane,Room 109,Vienna,22184,aleamonan@marketwatch.com,5711520805
385,Mirabel,Strotton,3,20 Cordelia Terrace,Suite 95,Tucson,85754,mstrottonao@flavors.me,5203111477
386,Brandy,Ballingal,33,45214 Sachs Parkway,Apt 605,Flushing,11388,bballingalap@ebay.com,3472833140
387,Mufi,Cowerd,36,14 Fallview Way,Apt 1143,Dayton,45414,mcowerdaq@china.com.cn,9376954856
388,Aigneis,Andrioli,26,8043 Autumn Leaf Way,,Columbia,65218,aandrioliar@examiner.com,5739809462
389,Beltran,MacCarrick,4,397 Melody Pass,PO Box 65742,Fort Smith,72905,bmaccarrickas@state.gov,4796663481
390,Frannie,Record,14,6 Ilene Street,Apt 286,Decatur,62525,frecordat@va.gov,2173872836
391,Kate,Drinkale,44,6 Menomonie Park,,Dallas,75379,kdrinkaleau@plala.or.jp,2146709427
392,Andre,Glendza,14,831 Bartillon Pass,Room 1519,Chicago,60630,aglendzaav@angelfire.com,8473071319
393,Junette,Pressnell,33,1729 Monica Lane,Apt 761,New York City,10004,jpressnellaw@barnesandnoble.com,6464448629
394,Evy,Poser,44,6 Walton Street,,Tyler,75799,eposerax@weebly.com,9032358804
395,Celia,Olley,5,6 Carey Circle,,Salinas,93907,colleyay@myspace.com,8312424817
396,Marlin,Beggio,18,45 Carberry Avenue,18th Floor,Louisville,40256,mbeggioaz@cdc.gov,5022533425
397,Helyn,Grolmann,47,53 Rutledge Drive,,Roanoke,24020,hgrolmannb0@elegantthemes.com,5401653961
398,Silvester,Suddell,29,31329 Havey Way,,Henderson,89074,ssuddellb1@yale.edu,7026383010
399,Rois,Morhall,44,4293 Superior Park,17th Floor,Spring,77386,rmorhallb2@wiley.com,8322790173
400,Heidi,Jirak,5,652 Trailsway Drive,6th Floor,San Jose,95194,hjirakb3@hugedomains.com,4084873646
401,Elaine,Vittet,5,35 Banding Place,,San Bernardino,92424,evittetb4@aol.com,9094859445
402,Edith,Franey,44,99162 Delladonna Trail,Apt 850,Houston,77045,efraneyb5@wsj.com,2811250014
403,Nicol,McMoyer,3,1522 Vera Terrace,,Phoenix,85020,nmcmoyerb6@example.com,6021642923
404,Zondra,Loyndon,6,60 Dovetail Drive,Suite 39,Grand Junction,81505,zloyndonb7@g.co,9709526177
405,Cesare,Boules,28,26 Annamark Circle,Suite 40,Lincoln,68524,cboulesb8@wunderground.com,4028172072
406,Sauveur,Arrow,45,85 Burrows Court,Apt 838,Salt Lake City,84130,sarrowb9@sfgate.com,8014567187
407,Austina,Stigger,9,786 Sullivan Trail,,Washington,20073,astiggerba@latimes.com,2027432055
408,Caro,Champerlen,31,37021 Kings Junction,,Trenton,08619,cchamperlenbb@foxnews.com,6093624980
409,Aggy,Gallimore,26,47 Meadow Vale Park,PO Box 6262,Kansas City,64193,agallimorebc@pcworld.com,8163813183
410,Darren,Nevison,19,1637 Northport Road,PO Box 73194,Monroe,71208,dnevisonbd@telegraph.co.uk,3187480238
411,Nolana,Riha,15,7923 Cardinal Avenue,,Muncie,47306,nrihabe@arstechnica.com,7654337667
412,Akim,Healeas,17,2 Dapin Place,PO Box 74163,Shawnee Mission,66276,ahealeasbf@tripadvisor.com,9138743861
413,Niall,Pannett,11,61039 Anthes Point,Apt 296,Atlanta,30375,npannettbg@eventbrite.com,4045989032
414,Tobye,Borsi,5,7738 Pleasure Park,12th Floor,Irvine,92710,tborsibh@engadget.com,7146697981
415,Georgine,Tomlett,5,317 Dovetail Drive,PO Box 14282,Inglewood,90398,gtomlettbi@discovery.com,3103515426
416,Jenelle,Fearne,28,0 Northridge Point,PO Box 39200,Omaha,68124,jfearnebj@reference.com,4025569715
417,Cynthy,Rumbold,43,02719 Meadow Vale Street,19th Floor,Memphis,38119,crumboldbk@soundcloud.com,9014662341
418,Bastien,Glazer,47,602 Esch Way,,Virginia Beach,23471,bglazerbl@bloglovin.com,7578384292
419,Roderick,Kellington,44,32 Clemons Circle,Apt 1620,El Paso,79984,rkellingtonbm@amazon.com,9158247690
420,Bowie,Samwell,24,5464 Chive Trail,,Duluth,55811,bsamwellbn@nsw.gov.au,2181865127
421,Lynett,Freeland,19,63410 Shelley Crossing,Apt 862,New Orleans,70187,lfreelandbo@digg.com,5045182313
422,Lilli,Hengoed,5,3837 American Place,,Long Beach,90810,lhengoedbp@163.com,3108928998
423,Valry,Godain,14,888 North Trail,Room 1096,Springfield,62705,vgodainbq@pinterest.com,2179852861
424,Tuckie,Yielding,1,8837 3rd Junction,,Anniston,36205,tyieldingbr@goo.gl,2562777834
425,Waylen,Domleo,8,14294 Brentwood Place,,Wilmington,19805,wdomleobs@wunderground.com,3029622389
426,Kristofor,Rowland,11,57971 Twin Pines Point,4th Floor,Atlanta,30301,krowlandbt@de.vu,6784225739
427,Zorah,Marl,4,5986 6th Junction,Room 617,Little Rock,72215,zmarlbu@sphinn.com,5018255861
428,Marve,Vescovo,34,70863 Jenifer Terrace,Apt 1065,Wilmington,28410,mvescovobv@google.es,9103839260
429,Gerick,Dionisetto,39,12766 Reinke Point,,Pittsburgh,15235,gdionisettobw@biblegateway.com,4128426582
430,Paulie,Batson,33,6 Schiller Terrace,,Buffalo,14276,pbatsonbx@ehow.com,7169359565
431,Feliks,Michelin,5,6114 Commercial Plaza,Apt 172,Van Nuys,91406,fmichelinby@live.com,3238567919
432,Pippa,Mannion,10,26 Buell Circle,,Jacksonville,32244,pmannionbz@myspace.com,9047087041
433,Leona,Hurdedge,39,5475 Meadow Ridge Terrace,Apt 1701,Erie,16522,lhurdedgec0@prweb.com,8145027163
434,Arlen,Harmston,32,59 East Avenue,,Albuquerque,87121,aharmstonc1@ovh.net,5058608960
435,Gilligan,Heinrici,23,08 Oriole Hill,,Detroit,48295,gheinricic2@cyberchimps.com,3136593573
436,Morty,Paffett,11,746 Weeping Birch Center,,Valdosta,31605,mpaffettc3@w3.org,2298184169
437,Rozanna,Snarr,5,144 Brickson Park Hill,,Concord,94522,rsnarrc4@accuweather.com,9257853810
438,Jo-anne,Orht,34,91150 Pleasure Pass,,Charlotte,28278,jorhtc5@archive.org,7042818547
439,Paton,Mateu,13,6359 Butterfield Parkway,1st Floor,Boise,83722,pmateuc6@is.gd,2083467408
440,Barbe,Noot,17,5 Tony Junction,,Kansas City,66105,bnootc7@telegraph.co.uk,9132202328
441,Amble,Redshaw,33,62 Bluejay Road,1st Floor,New York City,10039,aredshawc8@deviantart.com,6466693475
442,Kata,Rostern,25,02626 Evergreen Pass,Room 1743,Biloxi,39534,krosternc9@lycos.com,2287830371
443,Gillan,Nanuccioi,10,18 Warner Place,,Orlando,32885,gnanuccioica@vimeo.com,4072343504
444,Aubrey,Gully,10,454 Reindahl Circle,Apt 1557,Kissimmee,34745,agullycb@typepad.com,4078947482
445,Aridatha,Shildrake,15,47622 Scofield Parkway,,Fort Wayne,46825,ashildrakecc@tiny.cc,2607025616
446,Caryl,Wilton,43,70 Warbler Junction,,Johnson City,37605,cwiltoncd@a8.net,4237715020
447,Lanny,Halahan,19,7262 Manufacturers Center,,Baton Rouge,70836,lhalahance@techcrunch.com,2256367848
448,Emiline,Bullas,5,57 Chive Hill,Suite 47,Burbank,91505,ebullascf@mysql.com,6269491095
449,Abelard,Chipperfield,25,4 Fisk Way,,Biloxi,39534,achipperfieldcg@t-online.de,2281446639
450,Theresa,Bent,45,15350 Nevada Junction,,Ogden,84403,tbentch@xing.com,8017935284
451,Dianna,Longbottom,5,381 Darwin Junction,,Oakland,94627,dlongbottomci@google.com.au,5103054343
452,Calida,Hubatsch,5,0 Schmedeman Park,Room 425,Brea,92822,chubatschcj@mashable.com,8188647735
453,Garvey,Yeomans,36,62327 Glendale Street,,Dayton,45454,gyeomansck@wix.com,9372122939
454,De,Wilcocke,36,3 Luster Drive,17th Floor,Toledo,43656,dwilcockecl@com.com,4196215595
455,Leigha,Henrichs,5,9 Stang Court,,San Jose,95160,lhenrichscm@prlog.org,4084393014
456,Cecily,Leyban,3,2 Lakeland Drive,PO Box 95471,Mesa,85210,cleybancn@hud.gov,9286517503
457,Lilla,Guillon,7,4925 Sugar Parkway,PO Box 84109,Stamford,06905,lguillonco@sitemeter.com,2031849187
458,Jodie,Piggott,34,25206 Carberry Trail,,Charlotte,28272,jpiggottcp@wordpress.org,7044532413
459,Kipp,Porson,42,726 Dovetail Court,,Sioux Falls,57110,kporsoncq@comsenz.com,6051582520
460,Vivianne,Bedow,19,21665 Dahle Park,Apt 666,Shreveport,71130,vbedowcr@amazon.co.uk,3186620381
461,Joceline,Haskayne,10,0269 Waxwing Parkway,9th Floor,Jacksonville,32215,jhaskaynecs@bloglovin.com,9044689912
462,Bayard,Itzig,21,0469 Sachs Hill,Suite 54,Bethesda,20816,bitzigct@reddit.com,2023748611
463,Euell,Raycroft,17,913 Bartillon Place,,Topeka,66622,eraycroftcu@ask.com,7857019225
464,Garland,Grzeszczak,21,03761 Elka Center,5th Floor,Hagerstown,21747,ggrzeszczakcv@wordpress.com,2407246934
465,Aksel,Causon,15,780 Hansons Court,,Evansville,47747,acausoncw@imgur.com,8128678376
466,Jerrilyn,Grzegorczyk,14,56 Butterfield Lane,,Evanston,60208,jgrzegorczykcx@opera.com,8476180515
467,Dana,Fitzmaurice,16,49 International Point,PO Box 31619,Des Moines,50981,dfitzmauricecy@barnesandnoble.com,5157770688
468,Hank,Nutter,11,24 Stuart Court,,Valdosta,31605,hnuttercz@berkeley.edu,2295000711
469,Verla,Braikenridge,47,42 Claremont Drive,PO Box 50384,Arlington,22234,vbraikenridged0@auda.org.au,5719477256
470,Maritsa,Gayne,24,43 Mcbride Way,Room 632,Minneapolis,55446,mgayned1@mapquest.com,7638876688
471,Camile,Dmitr,44,9 Onsgard Way,,Amarillo,79159,cdmitrd2@examiner.com,8064844088
472,Biddie,Busen,4,3 Magdeline Park,Apt 821,Little Rock,72215,bbusend3@craigslist.org,5012796338
473,Wilhelmine,Huikerby,34,181 Parkside Terrace,2nd Floor,Winston Salem,27157,whuikerbyd4@soundcloud.com,3365168752
474,Fidelity,Lanktree,19,254 Elgar Park,PO Box 67785,Shreveport,71115,flanktreed5@shareasale.com,3189795835
475,Marylin,Loftin,36,0 Surrey Drive,Apt 1292,Canton,44720,mloftind6@dot.gov,3307368354
476,Adrea,Kelinge,44,1 Buhler Avenue,,Corpus Christi,78415,akelinged7@comcast.net,3614768961
477,Minta,Andreou,44,05 Drewry Plaza,Apt 1859,Houston,77293,mandreoud8@usgs.gov,2814841478
478,Olivier,Billing,26,4490 Twin Pines Alley,,Saint Louis,63167,obillingd9@ihg.com,3141726824
479,Jaime,Wiersma,19,0 Old Gate Parkway,8th Floor,Shreveport,71105,jwiersmada@goodreads.com,3188477314
480,Clemence,Brade,44,1 Wayridge Circle,,Bryan,77806,cbradedb@liveinternet.ru,9796885936
481,Vinnie,Dron,44,79 Holmberg Parkway,,Amarillo,79159,vdrondc@sphinn.com,8064708824
482,Wendy,Shoebottom,17,34 Nancy Road,,Wichita,67210,wshoebottomdd@quantcast.com,3164049047
483,Bendite,Goozee,12,8 Pleasure Crossing,Apt 208,Honolulu,96805,bgoozeede@amazon.de,8085586143
484,Kristo,Hammant,6,097 Dexter Alley,,Boulder,80328,khammantdf@bbb.org,3035242950
485,Wendel,Barhems,44,83 Novick Road,Apt 351,Spring,77386,wbarhemsdg@live.com,8325254223
486,Anders,Pay,10,4 Eagle Crest Point,,Tampa,33694,apaydh@squidoo.com,8131726857
487,Vanni,Condie,5,637 Pennsylvania Lane,,North Hollywood,91606,vcondiedi@joomla.org,8183451366
488,Lorenzo,Perdue,29,7011 Oak Terrace,,Carson City,89706,lperduedj@chronoengine.com,7757896670
489,Amanda,Donlon,5,59032 Norway Maple Park,PO Box 78452,Mountain View,94042,adonlondk@yellowbook.com,6508215516
490,Grace,Dorbon,45,2884 Dottie Court,Room 602,Salt Lake City,84135,gdorbondl@phoca.cz,8019678238
491,Christiano,Dobsons,44,525 International Alley,Room 602,El Paso,79955,cdobsonsdm@cdc.gov,9152251353
492,Kaylee,MacCallam,17,62298 Anzinger Alley,PO Box 76535,Shawnee Mission,66215,kmaccallamdn@netvibes.com,9132194083
493,Rick,Fawlo,11,79 Oxford Place,Room 365,Atlanta,31132,rfawlodo@indiatimes.com,4048756634
494,Melitta,Carmo,38,2689 Petterle Alley,,Salem,97312,mcarmodp@loc.gov,9712463786
495,Marion,Bendel,26,94 Myrtle Pass,,Saint Louis,63121,mbendeldq@360.cn,3141506932
496,Rakel,Taile,44,26635 Brickson Park Road,Apt 394,Arlington,76004,rtailedr@wsj.com,8174052951
497,Irma,Fosten,33,7708 Hoepker Plaza,,Brooklyn,11241,ifostends@ycombinator.com,3478771875
498,Lexi,Aisthorpe,15,18625 International Drive,,Evansville,47719,laisthorpedt@prlog.org,8122314732
499,Tadd,Redmayne,50,0543 Mccormick Hill,13th Floor,Milwaukee,53220,tredmaynedu@miibeian.gov.cn,4148039704
500,Tiena,Oxenford,26,2196 Westridge Plaza,,Saint Louis,63167,toxenforddv@hostgator.com,3149623261
501,Michaelina,Terbrugge,25,2 Fuller Crossing,,Jackson,39204,mterbruggedw@unicef.org,6013919036
502,Celle,Alsopp,44,7 Onsgard Junction,Suite 30,Conroe,77305,calsoppdx@about.com,9365592474
503,Dex,Colebourne,34,061 Grasskamp Alley,,Charlotte,28247,dcolebournedy@altervista.org,7045816981
504,Marika,Hopkynson,3,12914 Stoughton Park,,Chandler,85246,mhopkynsondz@xrea.com,4806344501
505,Jehu,Winsborrow,37,7 Anzinger Road,PO Box 6308,Oklahoma City,73179,jwinsborrowe0@pagesperso-orange.fr,4051422659
506,Chet,Busby,31,112 Gale Lane,,Elizabeth,07208,cbusbye1@shareasale.com,9087866978
507,Perrine,Housden,48,77 Portage Way,,Spokane,99215,phousdene2@baidu.com,5097103889
508,Benoit,Garrattley,10,98 Continental Parkway,Room 262,Miami,33283,bgarrattleye3@princeton.edu,3059663224
509,Mendy,Aston,36,629 Ryan Trail,,Akron,44310,mastone4@altervista.org,3306564302
510,Gar,Trapp,11,7984 Golf View Hill,,Atlanta,31136,gtrappe5@mozilla.com,4043834209
511,Gale,Binnie,33,72212 Hanover Way,,Albany,12237,gbinniee6@businesswire.com,5189228930
512,Rudolph,Kilcoyne,44,23150 Wayridge Alley,6th Floor,Dallas,75251,rkilcoynee7@noaa.gov,4693933513
513,Gilberto,Sallter,23,09094 Elmside Junction,,Flint,48505,gsalltere8@blinklist.com,8104587971
514,Fernando,Outhwaite,44,0 Hazelcrest Point,Apt 1217,Tyler,75710,fouthwaitee9@columbia.edu,9035233337
515,Tina,Livett,37,2132 Grasskamp Terrace,Suite 26,Oklahoma City,73119,tlivettea@reverbnation.com,4056246180
516,Codie,Furse,39,7 Comanche Place,,Philadelphia,19125,cfurseeb@youtube.com,2156375769
517,Thatch,Connop,19,409 8th Court,,Shreveport,71151,tconnopec@delicious.com,3189790860
518,Lorin,Josey,26,7065 Laurel Court,,Saint Joseph,64504,ljoseyed@odnoklassniki.ru,8169765402
519,Leandra,Dunniom,44,49 Summerview Place,Apt 795,El Paso,79989,ldunniomee@dedecms.com,9157743165
520,Arluene,Hardbattle,5,8 Mendota Drive,,Irvine,92619,ahardbattleef@upenn.edu,9491768167
521,Claire,Baumler,44,57901 Superior Trail,,Lubbock,79410,cbaumlereg@scientificamerican.com,8067114311
522,Selie,Simoncini,36,3263 Randy Drive,,Warren,44485,ssimoncinieh@mapy.cz,3307844222
523,Christiano,Hubeaux,3,36770 Hintze Road,PO Box 44314,Peoria,85383,chubeauxei@seattletimes.com,9289031724
524,Normie,Jaksic,24,465 Esch Avenue,PO Box 98837,Minneapolis,55441,njaksicej@artisteer.com,9524530726
525,Veronika,Owlner,11,5097 Fremont Center,Suite 60,Atlanta,30323,vowlnerek@rediff.com,4045979362
526,Brittani,Aldred,5,6 Grayhawk Plaza,,Oakland,94611,baldredel@tumblr.com,5105338514
527,Petunia,Ouldcott,33,81224 Hoard Point,,Staten Island,10305,pouldcottem@google.es,7182219597
528,Rhianna,Fellon,45,76 Ludington Parkway,,Salt Lake City,84105,rfellonen@theatlantic.com,4351817241
529,Sunshine,Redferne,39,5504 Gerald Center,,Philadelphia,19191,sredferneeo@plala.or.jp,2154295447
530,Revkah,Elan,33,33255 Lien Parkway,,Brooklyn,11220,relanep@howstuffworks.com,7182044078
531,Gregorio,Learned,26,9730 Hintze Drive,Apt 1711,Jefferson City,65105,glearnedeq@dedecms.com,5734965417
532,Michaeline,Choke,44,2586 Swallow Park,12th Floor,Waco,76796,mchokeer@shutterfly.com,2545284313
533,Kaleena,Grzes,5,5 Marcy Avenue,,Fresno,93750,kgrzeses@lycos.com,5597549288
534,Minnnie,Tideswell,23,8 Kensington Circle,,Lansing,48901,mtideswellet@craigslist.org,5175830611
535,Dael,Brummell,37,4518 Hintze Avenue,,Oklahoma City,73147,dbrummelleu@nih.gov,4052081279
536,Emelia,Bradtke,50,14 Stuart Junction,,Madison,53705,ebradtkeev@usa.gov,6087072969
537,Ashlin,Quest,44,5 Lakeland Junction,Apt 270,Houston,77025,aquestew@huffingtonpost.com,2817416946
538,Gabbey,Churchward,36,64 5th Center,,Warren,44485,gchurchwardex@nydailynews.com,3307729743
539,Nick,Warn,5,4295 Moulton Avenue,Suite 23,San Diego,92165,nwarney@bloglines.com,6196288921
540,Maryjo,Wallace,5,4951 Erie Point,9th Floor,Visalia,93291,mwallaceez@spotify.com,2095559392
541,Shelli,Reddle,33,159 Westridge Place,,Rochester,14619,sreddlef0@about.com,5856804889
542,Brew,Chessun,49,2246 Hovde Junction,Apt 1603,Charleston,25313,bchessunf1@nhs.uk,3049433882
543,Bax,Banham,18,5 Fieldstone Pass,,Louisville,40225,bbanhamf2@yahoo.co.jp,5022712070
544,Darb,Bolesworth,15,011 Linden Alley,,Fort Wayne,46867,dbolesworthf3@nymag.com,2607934665
545,Daryn,Hutchins,33,62 Iowa Way,,New York City,10155,dhutchinsf4@huffingtonpost.com,6464736599
546,Erina,Quartermaine,9,3 Carpenter Junction,Apt 830,Washington,20238,equartermainef5@opensource.org,2024757118
547,Cosette,Broke,16,4755 Basil Avenue,Suite 7,Davenport,52809,cbrokef6@opensource.org,5638187947
548,Gayleen,Bruyet,10,290 Goodland Crossing,,Fort Myers,33906,gbruyetf7@creativecommons.org,2396246953
549,Gregorius,Johnston,19,99280 Dovetail Park,,New Orleans,70179,gjohnstonf8@mayoclinic.com,5043092091
550,Kendal,Buttle,8,9010 Logan Drive,,Wilmington,19886,kbuttlef9@creativecommons.org,3024503490
551,Salli,de Marco,10,1 Hauk Alley,,Miami,33261,sdemarcofa@bloglovin.com,3052984534
552,Brandy,Forker,34,990 Shopko Parkway,,Wilmington,28405,bforkerfb@cam.ac.uk,9109869696
553,Bear,Folan,33,3768 Warbler Park,,Brooklyn,11236,bfolanfc@bloglovin.com,9178809678
554,Melisandra,Stable,6,373 New Castle Circle,Apt 731,Colorado Springs,80905,mstablefd@istockphoto.com,7198306540
555,Emera,Bortolini,14,1 Drewry Lane,Suite 30,Joliet,60435,ebortolinife@java.com,8155475328
556,Carolin,Duckering,39,49345 South Pass,,Erie,16505,cduckeringff@people.com.cn,8149232945
557,Tybie,Riba,45,1424 Hollow Ridge Junction,PO Box 25578,Salt Lake City,84135,tribafg@reference.com,8015702801
558,Hilary,Hane,5,18 Little Fleur Trail,1st Floor,Santa Ana,92725,hhanefh@quantcast.com,7147929893
559,Fulvia,Elvidge,39,3075 Beilfuss Drive,,Erie,16522,felvidgefi@hao123.com,8142025084
560,Maggy,Ulyat,43,3 Eggendart Junction,PO Box 16473,Memphis,38136,mulyatfj@stumbleupon.com,9013658265
561,Wilfred,Vermer,10,4 Macpherson Street,,Pensacola,32590,wvermerfk@sbwire.com,8504993502
562,Reyna,Kovnot,39,7194 Beilfuss Trail,,Philadelphia,19178,rkovnotfl@harvard.edu,2156921146
563,Frankie,Siward,48,5068 Kings Trail,,Spokane,99260,fsiwardfm@yellowbook.com,5091789847
564,Lezley,Defau,9,820 West Point,Room 1866,Washington,20078,ldefaufn@about.me,2027726539
565,Bliss,Brumhead,3,1942 2nd Trail,Suite 53,Glendale,85305,bbrumheadfo@behance.net,6021359929
566,Duane,Kidstoun,15,273 Dakota Circle,17th Floor,Indianapolis,46254,dkidstounfp@tripod.com,3171511796
567,Corbett,Fearey,18,82 Stang Lane,Suite 51,Louisville,40233,cfeareyfq@about.com,5025699999
568,Andree,Vellender,23,0803 Portage Center,,Midland,48670,avellenderfr@alibaba.com,9897788671
569,Ingrid,Filliskirk,30,8 Mallard Hill,,Portsmouth,00214,ifilliskirkfs@youtube.com,6038060380
570,Dieter,Lemmon,41,5154 Crest Line Point,PO Box 55072,Columbia,29225,dlemmonft@mayoclinic.com,8035681321
571,Alida,Sudron,38,417 Ludington Pass,PO Box 98922,Salem,97306,asudronfu@senate.gov,5032091562
572,Andriette,Alessandrucci,16,0798 Kennedy Pass,Room 1313,Cedar Rapids,52410,aalessandruccifv@umn.edu,3192552910
573,Sonnie,Frankowski,45,73 Chinook Drive,,Sandy,84093,sfrankowskifw@rambler.ru,8016198313
574,Sada,Collie,1,48 Hazelcrest Plaza,Apt 1202,Tuscaloosa,35405,scolliefx@miitbeian.gov.cn,2054071329
575,Yetty,Sivyour,47,691 Johnson Terrace,,Alexandria,22333,ysivyourfy@bloglines.com,5717199580
576,Jordan,Espie,37,250 Armistice Plaza,,Tulsa,74126,jespiefz@ibm.com,9186172850
577,Niven,Heijnen,43,30 Johnson Junction,Room 1994,Chattanooga,37450,nheijneng0@hud.gov,4238559605
578,Audie,Thiese,48,054 Debra Terrace,Room 1653,Spokane,99215,athieseg1@discovery.com,5099261159
579,Alberto,Casson,14,189 Randy Crossing,,Springfield,62794,acassong2@economist.com,2178513490
580,Floyd,Danielsohn,39,76350 International Drive,Room 862,Pittsburgh,15230,fdanielsohng3@yahoo.com,4123281503
581,Myrah,Meigh,45,847 Dwight Park,PO Box 32702,Salt Lake City,84189,mmeighg4@theglobeandmail.com,8011515155
582,Malissia,Schachter,37,4791 Glacier Hill Court,,Tulsa,74141,mschachterg5@irs.gov,9182209698
583,Aila,Acock,5,719 Mcguire Street,,Hayward,94544,aacockg6@gmpg.org,9255557252
584,Gilberto,Lorroway,3,30928 Maryland Parkway,PO Box 40246,Gilbert,85297,glorrowayg7@bloglines.com,4804016687
585,Alida,Lauchlan,15,137 Kim Court,,Muncie,47306,alauchlang8@networkadvertising.org,7654585620
586,Melanie,Portal,9,709 Lunder Place,Apt 316,Washington,20210,mportalg9@zdnet.com,2025493306
587,Pascale,Steynor,44,3 Saint Paul Alley,17th Floor,Houston,77060,psteynorga@xinhuanet.com,7138279970
588,Hakim,Mitchell,10,02 Talmadge Road,19th Floor,Seminole,34642,hmitchellgb@independent.co.uk,9414381886
589,Ariel,Kingaby,47,05 Raven Place,,Suffolk,23436,akingabygc@jigsy.com,7578600149
590,Hetti,Beachamp,13,753 Sundown Terrace,PO Box 43633,Boise,83711,hbeachampgd@163.com,2089319123
591,Zebulon,Gegay,5,732 Upham Park,,Modesto,95397,zgegayge@about.me,2091818261
592,Alyosha,Piche,49,648 High Crossing Plaza,,Charleston,25362,apichegf@shinystat.com,3047780165
593,Dulcie,McMurty,44,6 Hovde Parkway,,Fort Worth,76198,dmcmurtygg@altervista.org,6827133465
594,Denna,Colliard,14,49459 Vermont Point,,Chicago,60630,dcolliardgh@vkontakte.ru,8472144959
595,Rickie,Moneti,3,2502 Ridgeway Lane,7th Floor,Phoenix,85077,rmonetigi@multiply.com,6029072621
596,Penelopa,Tinan,5,15433 Ridgeview Drive,,Garden Grove,92645,ptinangj@hc360.com,7148250014
597,Burch,Serchwell,14,11863 Summer Ridge Circle,Apt 641,Chicago,60604,bserchwellgk@trellian.com,6301804957
598,Gallard,Benoiton,43,363 Milwaukee Circle,,Chattanooga,37416,gbenoitongl@cmu.edu,4231317863
599,Maryrose,Puddefoot,18,4 Blaine Plaza,PO Box 97555,Louisville,40225,mpuddefootgm@jugem.jp,5021711591
600,Rolando,Parsell,3,71364 Brentwood Avenue,,Tucson,85710,rparsellgn@intel.com,5207866901
601,Eilis,Fredy,10,21 Holy Cross Circle,Room 179,Orlando,32813,efredygo@prweb.com,3214254266
602,Roslyn,Cantillion,11,959 Sunfield Center,,Atlanta,30358,rcantilliongp@amazon.de,4042217357
603,Cammy,Dunham,48,54 Brentwood Court,,Seattle,98140,cdunhamgq@blogs.com,2065305067
604,Joleen,Espinho,10,33 Heffernan Trail,,Saint Augustine,32092,jespinhogr@ucoz.ru,9048313563
605,Wendell,Naptine,44,1559 Division Avenue,Suite 76,El Paso,79923,wnaptinegs@youtu.be,9154252528
606,Gardie,Christophers,10,962 Debra Pass,1st Floor,Miami,33169,gchristophersgt@biglobe.ne.jp,3057998630
607,Gannie,Kochl,10,3 Cascade Street,,West Palm Beach,33411,gkochlgu@spiegel.de,5614743464
608,Abdel,Humble,39,99 Petterle Terrace,Room 1073,Wilkes Barre,18706,ahumblegv@bbc.co.uk,5708011696
609,Alexia,Kaliszewski,25,49121 Veith Court,Apt 167,Columbus,39705,akaliszewskigw@java.com,6621572996
610,Annadiana,Delmage,11,2 Forest Plaza,,Savannah,31422,adelmagegx@mediafire.com,9127380135
611,Montgomery,Chong,13,42 Springs Lane,,Boise,83722,mchonggy@reddit.com,2089838187
612,Rae,Thackston,21,0 Hintze Crossing,,Baltimore,21229,rthackstongz@newsvine.com,4431517231
613,Zandra,Zeplin,14,29339 Jenifer Center,Suite 21,East Saint Louis,62205,zzeplinh0@fema.gov,6181128619
614,Claudianus,Vescovo,34,633 Messerschmidt Alley,Room 806,Greensboro,27425,cvescovoh1@discovery.com,3369264539
615,Griswold,Verey,5,69383 Mayfield Road,PO Box 74522,Santa Ana,92705,gvereyh2@google.com,3101087212
616,Fernando,Trattles,39,6796 Anniversary Crossing,,Pittsburgh,15266,ftrattlesh3@tuttocitta.it,2442400
617,Suki,Polak,44,4 Debra Alley,,Arlington,76011,spolakh4@dion.ne.jp,6828944600
618,Julius,Polycote,49,90960 Stang Court,,Charleston,25336,jpolycoteh5@zdnet.com,3041149199
619,Charis,Fermoy,44,33501 East Drive,Room 1547,Amarillo,79171,cfermoyh6@cafepress.com,8061489235
620,Sandye,Akers,50,53 Hallows Pass,,Madison,53790,sakersh7@fastcompany.com,6088402962
621,Jon,Redgewell,6,1 Victoria Street,,Colorado Springs,80930,jredgewellh8@bravesites.com,7191609593
622,Codie,Robins,33,49 Drewry Court,PO Box 97198,Brooklyn,11241,crobinsh9@moonfruit.com,3477585308
623,Raynor,Busse,37,20545 Nancy Avenue,Suite 34,Tulsa,74193,rbusseha@home.pl,9182638618
624,Katlin,Bosanko,29,9086 Caliangt Junction,Apt 395,Las Vegas,89166,kbosankohb@hatena.ne.jp,7021112062
625,Jerrine,Smye,5,32611 Farmco Avenue,,Inglewood,90305,jsmyehc@jiathis.com,3107555788
626,Kelsey,Gilgryst,44,8 Lindbergh Place,,Dallas,75277,kgilgrysthd@bigcartel.com,2144665415
627,Moyna,Faithfull,5,03 Eastlawn Circle,Apt 1438,Sacramento,94291,mfaithfullhe@sun.com,9168331240
628,Odele,Izat,45,6099 Service Center,,Salt Lake City,84170,oizathf@twitter.com,8014732486
629,Rachelle,Lettuce,22,6966 Banding Trail,,Boston,02283,rlettucehg@berkeley.edu,6179921356
630,Marice,Michelet,10,40273 Sachtjen Trail,,Pinellas Park,34665,mmichelethh@imgur.com,8504731458
631,Inger,Thornham,1,560 Emmet Center,1st Floor,Montgomery,36195,ithornhamhi@hao123.com,3342240270
632,Dion,Duck,5,115 Londonderry Drive,,Sacramento,94257,dduckhj@un.org,9161364337
633,Basilio,Glossup,5,40630 Bunting Plaza,,Palmdale,93591,bglossuphk@pcworld.com,6615809872
634,Ella,Skene,33,6004 Ridgeview Park,6th Floor,Syracuse,13217,eskenehl@noaa.gov,3157883781
635,Iosep,Pactat,3,674 Ridgeway Center,,Prescott,86305,ipactathm@etsy.com,5202704949
636,Aimil,Watford,1,9228 Division Crossing,Room 23,Mobile,36622,awatfordhn@addtoany.com,2514906839
637,Zebadiah,Sales,38,80031 Carpenter Junction,14th Floor,Portland,97229,zsalesho@fda.gov,9711486119
638,Binky,Newling,9,1 Farmco Lane,,Washington,20057,bnewlinghp@time.com,2026586595
639,Inge,Shevelin,29,74 Bobwhite Park,9th Floor,Las Vegas,89150,ishevelinhq@desdev.cn,7022960759
640,Aeriela,Carletto,44,1811 Vermont Road,Apt 1176,Corpus Christi,78415,acarlettohr@amazon.com,3616948138
641,Meris,Pretsell,33,59 Vermont Terrace,,Mount Vernon,10557,mpretsellhs@furl.net,9142476753
642,Cecil,Isitt,38,26254 Twin Pines Alley,,Portland,97296,cisittht@joomla.org,5038777780
643,Celina,Sharphurst,33,57 Commercial Plaza,PO Box 99417,Albany,12242,csharphursthu@dagondesign.com,5184842593
644,Julius,Tolussi,5,99451 Twin Pines Road,,Los Angeles,90010,jtolussihv@weebly.com,5624133312
645,Arlyn,Bickley,22,4 Crowley Trail,,Boston,02114,abickleyhw@ed.gov,8571617521
646,Hart,Rossetti,10,41455 Tomscot Place,,Tampa,33625,hrossettihx@discuz.net,7272851009
647,Auberon,Grimbaldeston,10,84 Mockingbird Street,,Saint Petersburg,33731,agrimbaldestonhy@noaa.gov,7273401639
648,Valli,March,44,45023 Buell Center,,Longview,75605,vmarchhz@timesonline.co.uk,9036715436
649,Tanitansy,Pierce,44,75 Victoria Park,PO Box 99447,Houston,77085,tpiercei0@springer.com,2811665538
650,Berta,Smalridge,14,826 Banding Street,,Naperville,60567,bsmalridgei1@tamu.edu,6301903190
651,Roz,Waghorn,36,77 Johnson Avenue,,Columbus,43215,rwaghorni2@sciencedaily.com,5139201472
652,Coreen,Frobisher,5,6092 Grover Way,PO Box 12359,Oakland,94622,cfrobisheri3@studiopress.com,5105986759
653,Evangelin,Bownd,3,97 Dapin Parkway,,Tucson,85720,ebowndi4@ning.com,5203661901
654,Gaston,Weldrick,11,11 Crest Line Terrace,,Atlanta,30380,gweldricki5@nhs.uk,4044986721
655,Norah,Ledur,44,98 Graceland Terrace,,San Antonio,78245,nleduri6@liveinternet.ru,8306883561
656,Matthieu,Riche,7,9 Barnett Drive,,Stamford,06922,mrichei7@uiuc.edu,2035679770
657,Itch,Gabbatiss,33,71 Bellgrove Street,,Buffalo,14220,igabbatissi8@weather.com,7169563199
658,Virgil,Forth,24,6374 Bowman Pass,,Saint Paul,55114,vforthi9@dell.com,6512454702
659,Elizabeth,Attree,44,406 Pleasure Park,Room 535,Houston,77212,eattreeia@reuters.com,7132539111
660,Morgana,Shelf,24,50596 Miller Court,11th Floor,Minneapolis,55446,mshelfib@who.int,6125897274
661,Jeno,Satch,44,59311 Lien Crossing,Room 1240,Corpus Christi,78405,jsatchic@abc.net.au,3614607531
662,Shannon,Wilder,10,8 Red Cloud Terrace,,Saint Petersburg,33737,swilderid@wordpress.org,7276703893
663,Giacomo,Leftbridge,44,61 Golf Course Terrace,Apt 1104,Houston,77050,gleftbridgeie@geocities.jp,2817092450
664,Josefina,Guynemer,34,7 Oakridge Plaza,9th Floor,Greensboro,27415,jguynemerif@usatoday.com,3367614655
665,Etienne,Carvil,18,26 Anniversary Trail,,Louisville,40298,ecarvilig@hao123.com,5029554167
666,Octavius,Dziwisz,15,9285 Doe Crossing Drive,,Fort Wayne,46857,odziwiszih@elegantthemes.com,2606622616
667,Maurits,Euler,5,71654 Sachs Place,4th Floor,San Diego,92132,meulerii@meetup.com,6197609929
668,Blondelle,Di Francesco,43,388 Sugar Park,,Knoxville,37914,bdifrancescoij@amazon.co.jp,8651556844
669,Ellene,O'Shee,38,6 Butterfield Parkway,Suite 64,Beaverton,97075,eosheeik@telegraph.co.uk,5035780936
670,Henryetta,Sudran,44,04734 Anderson Center,Suite 82,Austin,78789,hsudranil@t.co,5127501800
671,Hurlee,Jeenes,5,6 Westridge Point,1st Floor,San Jose,95118,hjeenesim@prweb.com,4083964620
672,Sunny,Ricioppo,36,24433 Badeau Center,,Toledo,43610,sricioppoin@loc.gov,4198779451
673,Fidela,Catlin,10,246 Old Gate Pass,Room 867,Fort Myers,33913,fcatlinio@friendfeed.com,2399454827
674,Aurea,Webby,44,16387 Spohn Park,PO Box 62122,San Antonio,78245,awebbyip@twitter.com,8305900968
675,Fifi,Bain,36,080 Randy Road,,Dayton,45414,fbainiq@phoca.cz,9379413834
676,Wright,Rankmore,3,7740 Menomonie Avenue,Suite 74,Phoenix,85020,wrankmoreir@homestead.com,6237606782
677,Tremaine,Wetter,33,5 Prairieview Lane,Room 1086,Brooklyn,11236,twetteris@hud.gov,7184325614
678,Petrina,Gomery,30,2 Anniversary Park,,Portsmouth,00214,pgomeryit@biglobe.ne.jp,6038631956
679,Wyatt,Pachmann,6,44051 Barnett Plaza,Suite 37,Pueblo,81005,wpachmanniu@histats.com,7192777533
680,Cully,Weatherdon,22,0 Morning Terrace,19th Floor,Boston,02104,cweatherdoniv@si.edu,3183220610
681,Homer,Sobieski,3,0862 Bunker Hill Place,,Phoenix,85040,hsobieskiiw@stumbleupon.com,4808752463
682,Alvina,Brogan,47,25 John Wall Avenue,Apt 1348,Alexandria,22309,abroganix@psu.edu,2028647989
683,Yolane,Dorr,15,0282 Del Mar Street,,Indianapolis,46295,ydorriy@huffingtonpost.com,3179818328
684,Diego,Martignon,5,9 Coolidge Terrace,PO Box 3413,Petaluma,94975,dmartignoniz@php.net,7071637971
685,Annelise,Mence,33,02 Anzinger Circle,18th Floor,Albany,12237,amencej0@sogou.com,5184878677
686,Kalil,Jiggins,24,15 Hansons Circle,,Saint Paul,55103,kjigginsj1@cbsnews.com,6124873381
687,Gert,Eggar,6,592 Browning Avenue,,Denver,80270,geggarj2@reverbnation.com,3034049316
688,Almire,McAne,3,23 Stang Point,PO Box 92994,Glendale,85311,amcanej3@joomla.org,6027724475
689,Gregorio,Ropert,28,68527 Claremont Drive,,Omaha,68124,gropertj4@unesco.org,4023944772
690,Archibald,Gilphillan,29,89731 Scott Parkway,Apt 1509,Las Vegas,89110,agilphillanj5@ted.com,7026688370
691,Warner,Enrigo,44,714 Swallow Way,PO Box 78320,Irving,75062,wenrigoj6@omniture.com,9724575506
692,Thorndike,Valadez,9,8594 Grover Court,,Washington,20088,tvaladezj7@imgur.com,2026547741
693,Oliviero,Batalle,21,1928 Schmedeman Road,,Ridgely,21684,obatallej8@studiopress.com,4104441301
694,Ermina,Spall,10,0 Cardinal Terrace,Apt 554,Orlando,32830,espallj9@dropbox.com,4072628963
695,Tera,Balk,44,07003 Knutson Drive,2nd Floor,El Paso,88546,tbalkja@blinklist.com,9152687377
696,Charin,Gori,44,3 Cardinal Street,PO Box 55298,Denton,76205,cgorijb@dell.com,8177890397
697,Titos,Westhead,5,6635 Bultman Parkway,,San Diego,92176,twestheadjc@google.com,6193319768
698,Magdalene,Landell,44,914 Dennis Road,Suite 60,Amarillo,79116,mlandelljd@about.com,8061499396
699,Terrijo,Anan,41,381 Drewry Crossing,Suite 41,Columbia,29220,tananje@chicagotribune.com,8035549071
700,Reinhold,Gratton,43,0 Roxbury Court,Suite 100,Nashville,37235,rgrattonjf@bandcamp.com,6159841257
701,Amargo,Lord,36,96897 Sherman Center,Apt 1189,Columbus,43226,alordjg@intel.com,6142609723
702,Silvester,Magill,10,600 Forest Dale Lane,,Orlando,32885,smagilljh@exblog.jp,4079637172
703,Tammie,Reeder,33,26 Veith Hill,,Albany,12210,treederji@harvard.edu,5184927468
704,Vanni,Suggett,44,3 Banding Circle,,Lubbock,79405,vsuggettjj@vimeo.com,8069403807
705,Pincas,Dubock,5,82 Dapin Road,Apt 660,Palmdale,93591,pdubockjk@jimdo.com,6612824420
706,Kristina,Mathy,15,85439 Carpenter Place,,Muncie,47306,kmathyjl@bandcamp.com,7655876072
707,Rene,Gulland,44,8644 Bartelt Point,Suite 99,Fort Worth,76129,rgullandjm@theguardian.com,8178957597
708,Maitilde,McKeggie,44,7735 Moland Trail,Suite 52,Arlington,76004,mmckeggiejn@creativecommons.org,8179659063
709,Gustave,Tiler,44,86973 Kipling Terrace,Apt 1308,El Paso,88589,gtilerjo@yelp.com,9153148468
710,Viola,Danett,41,36151 Roth Plaza,,Columbia,29220,vdanettjp@studiopress.com,8031967949
711,Tricia,Francom,44,37450 Linden Court,,El Paso,88525,tfrancomjq@studiopress.com,9155352285
712,Risa,Ivic,24,678 Anhalt Center,PO Box 85219,Maple Plain,55572,rivicjr@jiathis.com,7632614037
713,Cristi,Millhill,7,6 Toban Lane,,Danbury,06816,cmillhilljs@sun.com,2036039407
714,Emmet,Scamadine,25,8 New Castle Alley,Room 1462,Jackson,39282,escamadinejt@bizjournals.com,6019583322
715,Orv,Wickwarth,39,6 Di Loreto Point,,Pittsburgh,15205,owickwarthju@twitter.com,7248446546
716,Kenn,Lergan,48,57 8th Point,,Seattle,98166,klerganjv@nps.gov,2533549595
717,Desdemona,Galvan,36,206 Continental Junction,,Akron,44329,dgalvanjw@plala.or.jp,3309932132
718,Babita,Marchi,5,7129 Hallows Parkway,Apt 1590,Ventura,93005,bmarchijx@washington.edu,8051062670
719,Burt,Colleer,1,4 Carberry Road,,Mobile,36616,bcolleerjy@prnewswire.com,2516320472
720,Jinny,Kinkade,44,933 Corben Court,,Dallas,75236,jkinkadejz@last.fm,9725445994
721,Cobbie,Terlinden,6,88 Schiller Terrace,,Denver,80270,cterlindenk0@arstechnica.com,3038105656
722,Geordie,Garber,44,0 Di Loreto Junction,,Killeen,76544,ggarberk1@g.co,2549796377
723,Cara,Tingley,5,96999 8th Street,,San Francisco,94159,ctingleyk2@yolasite.com,4158566424
724,Jeri,Pellissier,10,4984 Dryden Circle,,Pensacola,32505,jpellissierk3@mapquest.com,8502999578
725,Killie,Curnucke,26,388 Northview Center,Apt 663,Kansas City,64144,kcurnuckek4@google.ca,8164587306
726,Rebeca,Planke,27,78425 Barnett Drive,PO Box 12817,Bozeman,59771,rplankek5@istockphoto.com,4065528583
727,Nicole,Isacoff,22,2 Kropf Plaza,,Boston,02119,nisacoffk6@privacy.gov.au,5081335381
728,Hedwiga,Lante,50,93187 Melby Point,,Madison,53779,hlantek7@ed.gov,6088793362
729,Anastasie,Tims,48,20169 Bartelt Street,,Lakewood,98498,atimsk8@goodreads.com,2539751179
730,Tobit,O' Cloney,15,467 Mallard Terrace,3rd Floor,Evansville,47705,tocloneyk9@yellowbook.com,8121759792
731,Staffard,Charlin,10,39113 American Ash Center,,Hialeah,33018,scharlinka@theguardian.com,7862315705
732,Tabb,Shelley,15,60279 Mallory Avenue,Room 1945,South Bend,46620,tshelleykb@rediff.com,5742568749
733,Chere,Idel,49,96361 Westridge Point,11th Floor,Huntington,25716,cidelkc@wired.com,3044574089
734,Johan,Barfitt,9,94 Karstens Street,Suite 10,Washington,20319,jbarfittkd@goo.ne.jp,2022371155
735,Sherline,Jacqueminet,44,8 Carpenter Way,,Lubbock,79415,sjacqueminetke@auda.org.au,8066218482
736,Kelsey,Kinnach,17,17443 Grasskamp Hill,,Topeka,66617,kkinnachkf@spiegel.de,7857286920
737,Noam,Jacombs,15,953 Dunning Park,Apt 1523,Fort Wayne,46805,njacombskg@webnode.com,2603287123
738,Tedman,Liven,37,7 Alpine Parkway,,Oklahoma City,73114,tlivenkh@google.co.jp,4055699547
739,Luisa,Efford,5,73 Dapin Center,,Anaheim,92805,leffordki@miitbeian.gov.cn,3106026798
740,Bobby,Cash,1,2389 Toban Drive,16th Floor,Anniston,36205,bcashkj@geocities.com,2565548631
741,Charyl,Spandley,47,35273 Elgar Avenue,,Richmond,23260,cspandleykk@aboutads.info,8042462037
742,Anatola,Ivic,36,1337 Barnett Park,Apt 1062,Toledo,43699,aivickl@gmpg.org,4197162225
743,Emmalyn,Senogles,3,6101 Upham Drive,,Phoenix,85045,esenogleskm@ifeng.com,6028895979
744,Ginger,Goady,44,01999 Mallory Drive,,Arlington,76004,ggoadykn@senate.gov,8175793785
745,Valdemar,Northam,10,48 Ridgeview Circle,Suite 81,Tampa,33633,vnorthamko@elpais.com,8132196271
746,Marybeth,Glaister,4,007 Shasta Park,Apt 1028,Fort Smith,72905,mglaisterkp@japanpost.jp,4795477249
747,Paloma,Yakubovich,11,947 Stuart Park,,Savannah,31422,pyakubovichkq@ft.com,9128886904
748,Vannie,Howitt,34,54894 Haas Trail,,Raleigh,27610,vhowittkr@apache.org,9196384113
749,Sari,Andreone,44,7 Rigney Pass,,Lubbock,79405,sandreoneks@lycos.com,8062243887
750,Elayne,Kunrad,11,1 Crest Line Hill,PO Box 68374,Athens,30610,ekunradkt@4shared.com,7063471803
751,Jamey,Depport,5,49865 Graceland Court,,Santa Cruz,95064,jdepportku@ycombinator.com,8315504501
752,Linette,Bromont,5,280 Meadow Valley Lane,,San Diego,92132,lbromontkv@sakura.ne.jp,8586967847
753,Brena,Hindenberger,26,5412 Fairview Pass,Room 667,Kansas City,64187,bhindenbergerkw@woothemes.com,8169712336
754,Fania,Ouchterlony,5,70 Schiller Drive,1st Floor,Pasadena,91199,fouchterlonykx@shareasale.com,6268053925
755,Pammy,Rengger,25,7040 Melvin Plaza,Apt 55,Jackson,39282,prenggerky@symantec.com,6019189547
756,Kingsly,Turbitt,39,984 Hovde Crossing,,Philadelphia,19109,kturbittkz@boston.com,6107533667
757,Katlin,Kuhl,11,351 Lawn Lane,5th Floor,Lawrenceville,30245,kkuhll0@xinhuanet.com,7702177628
758,Lucio,Cowdroy,36,5 Crowley Point,Room 624,Dayton,45454,lcowdroyl1@blogspot.com,9371562193
759,Thia,Dumbrill,10,52304 Farragut Street,,Bradenton,34205,tdumbrilll2@mlb.com,9411450895
760,Kyle,Higgen,22,2192 Bobwhite Plaza,,Boston,02119,khiggenl3@google.pl,9789073788
761,Cooper,Shemelt,36,366 Morning Way,Room 913,Mansfield,44905,cshemeltl4@woothemes.com,4196220246
762,Alexi,Ellar,48,45522 Fairview Center,Apt 1497,Seattle,98127,aellarl5@people.com.cn,2062075270
763,Barbe,Hayball,6,76837 8th Circle,,Boulder,80328,bhayballl6@yolasite.com,3035531546
764,Jud,Crossley,5,441 South Hill,,Los Angeles,90065,jcrossleyl7@ocn.ne.jp,8189011452
765,Daisie,Vlasyev,41,24 Park Meadow Street,PO Box 60760,Charleston,29416,dvlasyevl8@networksolutions.com,8435038637
766,Bard,Laise,6,4 Manufacturers Drive,,Colorado Springs,80925,blaisel9@dmoz.org,7193903845
767,Ryann,Childes,39,4733 Moulton Plaza,Room 976,Harrisburg,17121,rchildesla@themeforest.net,7176360019
768,Laraine,Kagan,10,970 Warbler Way,,Jacksonville,32255,lkaganlb@dropbox.com,9045645182
769,Pinchas,Gunn,5,0400 Thierer Street,,San Francisco,94132,pgunnlc@tripadvisor.com,4154916809
770,Leandra,Lapslie,9,5 Aberg Way,,Washington,20099,llapslield@mac.com,2027554779
771,Bar,Lyte,47,98868 Clemons Junction,,Alexandria,22301,blytele@wikipedia.org,7035144593
772,Dehlia,Lowensohn,23,8 Hayes Alley,,Saginaw,48609,dlowensohnlf@typepad.com,9895931792
773,Gloria,Keuntje,39,8 Redwing Crossing,,Philadelphia,19178,gkeuntjelg@cocolog-nifty.com,2154519611
774,Toby,More,10,62 Fieldstone Point,12th Floor,Kissimmee,34745,tmorelh@adobe.com,4077594353
775,Federica,Elcum,38,766 Arkansas Circle,17th Floor,Portland,97240,felcumli@facebook.com,9713647224
776,Giorgia,Rugge,11,99 Lyons Way,Room 1385,Savannah,31405,gruggelj@reverbnation.com,9121146103
777,Heida,East,37,9898 Charing Cross Alley,,Tulsa,74126,heastlk@boston.com,9185277788
778,Tabby,Bole,37,86 Manley Parkway,Apt 1689,Tulsa,74126,tbolell@census.gov,9187689968
779,Katerine,Filchagin,11,82856 Delladonna Plaza,19th Floor,Atlanta,30306,kfilchaginlm@ca.gov,7703322215
780,Tommie,Renzini,8,72427 Transport Plaza,,Wilmington,19892,trenziniln@1688.com,3027398242
781,Court,Dabourne,47,841 Lunder Road,5th Floor,Roanoke,24048,cdabournelo@java.com,5405710110
782,Merrielle,Depke,44,5653 Old Gate Point,,Gatesville,76598,mdepkelp@creativecommons.org,2549610821
783,Hannie,Lukianov,19,3385 Moose Circle,,Baton Rouge,70810,hlukianovlq@netscape.com,2251072868
784,Vin,Salasar,10,2 Farwell Pass,,Pensacola,32511,vsalasarlr@latimes.com,8507765657
785,Bennie,Kytley,29,348 Katie Road,PO Box 22199,Henderson,89074,bkytleyls@ning.com,7021382077
786,Valera,Dmitrienko,11,9 Hanson Pass,,Atlanta,30358,vdmitrienkolt@sohu.com,4041309719
787,Ad,Huetson,26,097 Twin Pines Point,,Kansas City,64149,ahuetsonlu@netlog.com,8164116169
788,Pepita,Schiersch,33,8035 Washington Lane,Room 934,Rochester,14619,pschierschlv@who.int,5855332746
789,Carmine,Gersam,11,1 Autumn Leaf Avenue,Room 1372,Atlanta,30375,cgersamlw@constantcontact.com,4045074275
790,Mureil,Clayill,32,91 Cardinal Park,10th Floor,Albuquerque,87201,mclayilllx@buzzfeed.com,5051987410
791,Anna-diane,Boman,23,572 Homewood Park,8th Floor,Farmington,48335,abomanly@yellowbook.com,2487412676
792,Carla,Duddy,33,8 Novick Place,,New York City,10099,cduddylz@furl.net,6469936643
793,Mariana,Bottomer,44,110 Iowa Crossing,Room 1003,El Paso,88574,mbottomerm0@reference.com,9154607378
794,Kameko,Ahren,44,05780 Lakeland Trail,,Fort Worth,76178,kahrenm1@gnu.org,6825092910
795,Maddy,Cresser,5,63 Cascade Way,,Stockton,95298,mcresserm2@home.pl,2091229372
796,Malinde,Beekmann,9,00923 Fallview Drive,10th Floor,Washington,20456,mbeekmannm3@springer.com,2023847652
797,Erroll,Remer,44,36810 Sunbrook Center,,Lubbock,79410,eremerm4@simplemachines.org,8063004016
798,Fleur,Copnar,24,2 Union Park,2nd Floor,Minneapolis,55441,fcopnarm5@acquirethisname.com,6513897722
799,Nettle,MacCoveney,33,30796 Montana Street,Suite 77,New York City,10105,nmaccoveneym6@desdev.cn,2127385666
800,Katheryn,Gimblet,11,4 Vidon Avenue,,Augusta,30905,kgimbletm7@feedburner.com,7065605308
801,Eugene,Kleinbaum,14,55 Linden Trail,,Joliet,60435,ekleinbaumm8@cbsnews.com,8152716500
802,Veda,O'Fergus,5,858 Texas Crossing,,Los Angeles,90050,vofergusm9@cyberchimps.com,2132651070
803,Casandra,Giovani,11,20 Oriole Park,,Atlanta,31190,cgiovanima@newyorker.com,4046242065
804,Lucita,Simonazzi,44,249 Dottie Drive,,San Antonio,78210,lsimonazzimb@ucoz.ru,2106545152
805,Kylynn,Snooks,9,5 Melrose Plaza,,Washington,20436,ksnooksmc@fc2.com,2026623596
806,Lina,Almon,44,94 7th Plaza,PO Box 22470,El Paso,79934,lalmonmd@opera.com,9154109146
807,Adamo,Izhaky,27,46593 Almo Court,,Bozeman,59771,aizhakyme@aol.com,4067353576
808,Mae,Gooddie,10,33634 Texas Junction,Room 1729,Tampa,33620,mgooddiemf@com.com,8132345489
809,Berrie,Britten,44,45 Gina Hill,,Conroe,77305,bbrittenmg@wired.com,9368417586
810,Sax,Pues,37,93 Northland Parkway,,Tulsa,74170,spuesmh@addthis.com,9189143122
811,Adaline,Lighten,44,80 Myrtle Circle,Apt 1879,Gatesville,76598,alightenmi@cnet.com,2541267629
812,Nappie,Cowden,5,480 Warrior Road,Room 1555,Fresno,93778,ncowdenmj@typepad.com,5597374135
813,Perry,Chalice,19,69 Stone Corner Park,7th Floor,New Orleans,70116,pchalicemk@xinhuanet.com,5049439571
814,Renae,Wendover,7,0508 Canary Alley,Room 370,Stamford,06922,rwendoverml@buzzfeed.com,2032229702
815,Micheil,Geekin,44,183 Lotheville Road,7th Floor,Abilene,79699,mgeekinmm@jiathis.com,3255669532
816,Aigneis,Corn,14,25 School Park,,Chicago,60641,acornmn@hud.gov,3123268643
817,Maribelle,Pattlel,45,54207 Moland Avenue,PO Box 70480,Salt Lake City,84130,mpattlelmo@army.mil,8018306098
818,Lenette,McGowan,33,0 Surrey Street,,Port Washington,11054,lmcgowanmp@domainmarket.com,5163941820
819,Thayne,Pate,21,75 Ridgeway Road,,Bethesda,20892,tpatemq@who.int,3017639443
820,Terrel,June,10,70 Maple Wood Place,,Daytona Beach,32123,tjunemr@latimes.com,3867711944
821,Somerset,Smidmor,10,16 Becker Road,,Pompano Beach,33075,ssmidmorms@smh.com.au,7544708646
822,Tammy,Betser,1,2 Derek Avenue,,Montgomery,36195,tbetsermt@ask.com,3344961680
823,Dare,Corsan,24,86581 Eagan Trail,,Duluth,55811,dcorsanmu@nih.gov,2187273517
824,Salaidh,Leaf,31,09 Waxwing Alley,,Newark,07188,sleafmv@nsw.gov.au,8622070484
825,Elicia,Deavin,10,97 Anthes Place,Suite 75,Hollywood,33028,edeavinmw@un.org,9549762703
826,Dorrie,Richfield,36,6 Sloan Court,Apt 745,Warren,44485,drichfieldmx@soup.io,3304191590
827,Marco,Hoofe,36,164 Shasta Hill,14th Floor,Cincinnati,45243,mhoofemy@java.com,5139301050
828,Tucky,Crisp,43,7958 Barby Parkway,,Nashville,37215,tcrispmz@qq.com,6152828502
829,Blanca,Westcott,5,62402 Kenwood Road,Apt 795,Glendale,91210,bwestcottn0@goo.ne.jp,8188892414
830,Kathryne,Swaisland,14,1 Judy Plaza,Room 412,Springfield,62723,kswaislandn1@answers.com,2174367958
831,Bobbye,Slack,34,1592 Sachs Place,Apt 483,Greensboro,27499,bslackn2@prweb.com,3367392833
832,Hussein,Selland,10,31 Helena Circle,,Tampa,33673,hsellandn3@diigo.com,8139315160
833,Nickola,Witcomb,33,97 Troy Trail,,Schenectady,12305,nwitcombn4@multiply.com,5189126357
834,Langsdon,Patrone,33,69 Muir Lane,15th Floor,New York City,10004,lpatronen5@sbwire.com,2122085583
835,Alessandro,Lusk,34,066 Carberry Street,Room 304,Charlotte,28256,aluskn6@oakley.com,7045324200
836,Tyler,Marran,44,989 Killdeer Terrace,,San Angelo,76905,tmarrann7@squarespace.com,3254796741
837,Katharina,Wordington,47,1 New Castle Parkway,3rd Floor,Chesapeake,23324,kwordingtonn8@cbsnews.com,7573631551
838,Lu,Gaskal,11,8 Dawn Way,Room 1938,Albany,31704,lgaskaln9@mayoclinic.com,2295855097
839,Clementia,Adelman,15,9 Debs Drive,Room 419,Fort Wayne,46867,cadelmanna@nps.gov,2601550933
840,Lina,Barczewski,6,9 Granby Pass,,Denver,80243,lbarczewskinb@ebay.co.uk,3032584233
841,Herminia,Pudner,34,99767 Paget Center,,Charlotte,28278,hpudnernc@google.com.br,7042476636
842,Roy,Schoolfield,33,661 Mallard Place,,Brooklyn,11225,rschoolfieldnd@hubpages.com,7184547035
843,Jerrie,Gregorin,14,7194 Longview Pass,,Decatur,62525,jgregorinne@eventbrite.com,2175303465
844,Sarene,Clowney,10,32 Glacier Hill Drive,Room 1109,Hollywood,33028,sclowneynf@virginia.edu,3054517979
845,Shane,Giacobbo,37,9970 Sheridan Park,,Oklahoma City,73104,sgiacobbong@lycos.com,4057660270
846,Nariko,Brignell,7,9 Grasskamp Point,Suite 70,New Haven,06505,nbrignellnh@fda.gov,2032736760
847,Merrielle,Josefsen,5,01 Dwight Trail,Suite 1,South Lake Tahoe,96154,mjosefsenni@economist.com,5306412221
848,Gerianne,Linnemann,15,866 Anhalt Road,,Evansville,47732,glinnemannnj@bloglovin.com,8123805717
849,Bartholomew,Keward,11,4 Red Cloud Road,,Athens,30610,bkewardnk@issuu.com,7062903811
850,Clarinda,Heindrick,5,16 Helena Park,,San Jose,95128,cheindricknl@howstuffworks.com,4087710971
851,Ana,Trussler,10,21 Lakewood Plaza,,Pensacola,32526,atrusslernm@answers.com,8503101710
852,Stanleigh,Wey,37,86838 Derek Center,,Oklahoma City,73179,sweynn@usnews.com,4052488182
853,Melisenda,Bromwich,13,04373 Beilfuss Crossing,,Boise,83727,mbromwichno@wordpress.org,2087476915
854,Johnathan,Robson,9,812 Moose Junction,,Washington,20557,jrobsonnp@scientificamerican.com,2024114599
855,Tamar,Goddert.sf,50,281 Longview Circle,,Madison,53705,tgoddertsfnq@nps.gov,6083444812
856,Norine,Faraday,49,1 Del Mar Lane,,Huntington,25721,nfaradaynr@hexun.com,3042363762
857,Maryrose,O'Sharry,34,88907 Esker Circle,Suite 82,Raleigh,27615,mosharryns@xing.com,9191890504
858,Worthy,Kleinmann,10,513 Hollow Ridge Crossing,,Miami,33185,wkleinmannnt@freewebs.com,3051227481
859,Allegra,Skelcher,5,88 Dennis Hill,Room 85,Van Nuys,91499,askelchernu@cloudflare.com,2131185240
860,Anissa,Dyos,15,41824 Clarendon Court,Room 1115,Fort Wayne,46805,adyosnv@nationalgeographic.com,2609201731
861,Buiron,Spilstead,47,7 Troy Center,17th Floor,Norfolk,23504,bspilsteadnw@japanpost.jp,7575614759
862,Alberik,Snowdon,22,8420 Burrows Junction,5th Floor,Boston,02114,asnowdonnx@deliciousdays.com,6172764110
863,Reinold,Meriton,5,48449 Marcy Way,16th Floor,Alhambra,91841,rmeritonny@bravesites.com,6265694098
864,Christoforo,Broxup,17,8 Delaware Drive,,Shawnee Mission,66225,cbroxupnz@ow.ly,9136350548
865,De,Gilliatt,5,362 Bartillon Trail,,Los Angeles,90025,dgilliatto0@businesswire.com,4248394949
866,Alice,Haylock,39,31663 Eastlawn Parkway,PO Box 93130,Philadelphia,19141,ahaylocko1@washingtonpost.com,2157402033
867,Kelli,Shill,36,31 Monument Road,Apt 1900,Cincinnati,45223,kshillo2@ovh.net,5139659897
868,Siegfried,Seeks,10,6147 Knutson Park,8th Floor,Naples,34108,sseekso3@nationalgeographic.com,9414208965
869,Odetta,Starzaker,21,52343 Namekagon Way,,Ridgely,21684,ostarzakero4@ebay.com,4109870674
870,Alphonso,Farnaby,19,61 Di Loreto Street,Room 729,Baton Rouge,70810,afarnabyo5@dailymotion.com,2259406743
871,Casper,Paulillo,48,2 Westerfield Way,,Seattle,98104,cpaulilloo6@pagesperso-orange.fr,2534682360
872,Nonna,Orpyne,24,0787 High Crossing Terrace,Apt 1946,Saint Paul,55146,norpyneo7@facebook.com,6518444565
873,Reagan,Bennis,4,914 Sycamore Circle,,Little Rock,72204,rbenniso8@live.com,5019199551
874,Ham,Melly,6,780 Red Cloud Pass,Room 445,Englewood,80150,hmellyo9@marriott.com,3035594684
875,Gigi,Kersaw,5,8 Dryden Drive,Apt 743,San Jose,95194,gkersawoa@mlb.com,4085149196
876,Beret,Jostan,47,24347 Atwood Trail,,Lynchburg,24515,bjostanob@bravesites.com,4342603731
877,Clovis,Pedro,35,6624 Bonner Crossing,Room 510,Bismarck,58505,cpedrooc@yellowpages.com,7013964759
878,Deck,Jeratt,29,150 Chinook Road,Apt 193,Reno,89519,djerattod@fema.gov,7755094849
879,Conrado,Bullas,5,6040 Northland Street,,Sacramento,94263,cbullasoe@ycombinator.com,9168381279
880,Olivette,Braxton,24,178 Northwestern Crossing,,Saint Paul,55146,obraxtonof@nyu.edu,6517941599
881,Kaleb,Bertenshaw,11,1 Rigney Avenue,,Columbus,31998,kbertenshawog@fda.gov,7066581474
882,Jean,Shellard,38,23575 Truax Lane,,Portland,97211,jshellardoh@slate.com,2088415096
883,Kriste,Addionizio,33,821 Loeprich Trail,,Bronx,10474,kaddioniziooi@java.com,9179973218
884,Thom,Tedahl,39,84 Troy Plaza,Room 74,Philadelphia,19093,ttedahloj@1688.com,2159462366
885,Audi,Garret,44,6797 Anderson Hill,12th Floor,Killeen,76544,agarretok@google.it,2547246463
886,Sisely,Bhatia,44,45 Montana Park,Room 77,El Paso,88514,sbhatiaol@xrea.com,9156335680
887,Ken,Roland,34,21 Shelley Park,,Charlotte,28272,krolandom@free.fr,7045306032
888,Mellisent,MacIlurick,11,46279 Charing Cross Road,7th Floor,Augusta,30905,mmacilurickon@bandcamp.com,7067432018
889,Saloma,Prium,23,9253 Steensland Way,,Southfield,48076,spriumoo@flickr.com,2485814575
890,Roberta,Gilbride,5,994 Larry Pass,15th Floor,Oakland,94627,rgilbrideop@creativecommons.org,5107174127
891,Hubey,Joule,21,7 Debra Park,,Annapolis,21405,hjouleoq@youku.com,4433226937
892,Henrie,Ormerod,21,7264 Debs Drive,Apt 1800,Silver Spring,20918,hormerodor@xing.com,2409422762
893,Granthem,German,39,3 Corry Point,PO Box 50956,Philadelphia,19184,ggermanos@wordpress.org,2158516070
894,Larine,Castanie,47,13166 School Avenue,,Merrifield,22119,lcastanieot@tripod.com,5713044916
895,Casar,Zima,5,76024 Arapahoe Crossing,,Santa Ana,92725,czimaou@cnbc.com,7146775936
896,Anneliese,Acton,47,07582 Michigan Junction,Suite 93,Sterling,20167,aactonov@last.fm,5716266404
897,Faulkner,Davern,5,7508 Hauk Avenue,PO Box 62108,San Diego,92165,fdavernow@cyberchimps.com,6197487150
898,Towney,Vasnetsov,33,2 Kropf Point,Apt 1330,New York City,10260,tvasnetsovox@hostgator.com,2121423349
899,Gilburt,Joriot,43,30 Hanson Terrace,,Memphis,38119,gjoriotoy@wikipedia.org,6159179037
900,Valentia,Spadazzi,24,1252 Kinsman Circle,Room 1036,Monticello,55585,vspadazzioz@scientificamerican.com,7638050374
901,Kaspar,Thorouggood,10,9325 Katie Court,19th Floor,Tampa,33633,kthorouggoodp0@irs.gov,8134167337
902,Jolee,Rubinsky,29,77 Stone Corner Avenue,,Las Vegas,89140,jrubinskyp1@webs.com,7022349525
903,Webb,Taw,44,36762 Muir Hill,Apt 604,Abilene,79699,wtawp2@unblog.fr,3252336640
904,Hanna,Geane,19,606 Ilene Park,,Baton Rouge,70883,hgeanep3@aol.com,2255136679
905,Teena,Trott,15,2 Harbort Court,Suite 24,Muncie,47306,ttrottp4@last.fm,7655557578
906,Malcolm,Casseldine,36,95625 Scott Circle,,Columbus,43215,mcasseldinep5@miitbeian.gov.cn,6146332398
907,Analiese,Filyushkin,14,1 Commercial Road,,Chicago,60691,afilyushkinp6@cocolog-nifty.com,3127103186
908,Brett,Sennett,15,76 Haas Park,,Evansville,47719,bsennettp7@geocities.jp,8128443033
909,Zola,Birkin,44,46 Granby Center,,Midland,79710,zbirkinp8@myspace.com,4327636079
910,Max,Paff,5,8423 Harbort Road,PO Box 80149,Sacramento,95852,mpaffp9@oracle.com,9164267498
911,Rex,Doggrell,5,5 Merchant Lane,Suite 45,Irvine,92710,rdoggrellpa@wikispaces.com,7142295417
912,Darsey,Dincey,32,029 Loeprich Hill,,Las Cruces,88006,ddinceypb@twitter.com,5055661995
913,Silvana,Tesyro,5,3567 Hollow Ridge Pass,,Santa Monica,90410,stesyropc@de.vu,3104376297
914,Jess,Worman,23,17 Blaine Center,Apt 1466,Muskegon,49444,jwormanpd@meetup.com,2315474603
915,Codi,Hatcliffe,5,847 Manufacturers Lane,,San Diego,92191,chatcliffepe@rediff.com,6199395884
916,Christan,Hadigate,10,93 Reindahl Crossing,,Miami,33164,chadigatepf@com.com,7866886419
917,Garik,Giuroni,11,35 Ryan Park,,Atlanta,31136,ggiuronipg@comcast.net,4049864223
918,Whit,Alejandre,18,437 Farmco Lane,,Lexington,40546,walejandreph@xrea.com,8597639228
919,Sharlene,Dowdall,36,3 Talisman Road,,Toledo,43699,sdowdallpi@bloglovin.com,4191994462
920,Grange,Morat,7,0 Kedzie Street,Room 1629,New Haven,06520,gmoratpj@aboutads.info,2038613178
921,Armstrong,MacGilrewy,16,191 Leroy Court,Room 1326,Davenport,52809,amacgilrewypk@mozilla.com,5631071369
922,Norbie,McLoughlin,29,685 Main Terrace,Suite 96,Las Vegas,89160,nmcloughlinpl@google.co.jp,7026333072
923,Allx,Ferreiro,30,385 Comanche Plaza,Apt 410,Portsmouth,00214,aferreiropm@ebay.com,6036410379
924,Fiorenze,Reucastle,17,94 Prentice Way,,Wichita,67220,freucastlepn@about.com,3167197845
925,Jesse,Crocombe,21,2 Vernon Road,Apt 114,Gaithersburg,20883,jcrocombepo@foxnews.com,2404146529
926,Tobe,Nutty,6,1 Sherman Hill,,Pueblo,81010,tnuttypp@1und1.de,7199017730
927,Mar,Joao,5,3 Havey Drive,Suite 59,Inglewood,90398,mjoaopq@barnesandnoble.com,3102072015
928,Abbie,Penley,43,83 Westridge Place,Room 1352,Memphis,38143,apenleypr@auda.org.au,9013459329
929,Starla,Lanceter,23,04 Marcy Plaza,PO Box 89080,Troy,48098,slanceterps@unesco.org,2486287127
930,Louisa,Origin,44,5135 6th Drive,Apt 355,Austin,78732,loriginpt@spotify.com,5128591131
931,Bunny,Scarlon,19,40540 Superior Plaza,,Alexandria,71307,bscarlonpu@woothemes.com,3185694916
932,Holli,Grunwald,10,6 Carey Alley,,Tampa,33647,hgrunwaldpv@ustream.tv,8135658588
933,Harley,Sheeran,6,0 Golf View Drive,Suite 54,Colorado Springs,80930,hsheeranpw@diigo.com,7193395492
934,Lindsay,Downes,36,98 Debra Point,Apt 873,Cleveland,44105,ldownespx@last.fm,2164808941
935,Coretta,Arnhold,3,7485 Jay Center,,Phoenix,85005,carnholdpy@nsw.gov.au,4807608115
936,Stacee,Burgill,6,31 Dapin Road,Suite 86,Colorado Springs,80920,sburgillpz@flavors.me,7196638122
937,Laure,Buglass,45,7881 Pearson Street,Apt 1926,Salt Lake City,84115,lbuglassq0@rakuten.co.jp,8016731312
938,Mario,Sancho,9,25405 Graceland Way,Suite 18,Washington,20310,msanchoq1@parallels.com,2023715543
939,Roberta,Easterbrook,44,16 Golf Trail,,Houston,77234,reasterbrookq2@tamu.edu,7132193940
940,Marjorie,Janczyk,28,69687 Thierer Trail,PO Box 62314,Omaha,68164,mjanczykq3@typepad.com,4023743467
941,Ethel,Aldersley,39,957 Hintze Lane,10th Floor,Reading,19610,ealdersleyq4@xinhuanet.com,4845992169
942,Pammie,Debrett,18,358 Sullivan Junction,,Louisville,40293,pdebrettq5@economist.com,5029744669
943,Henderson,Ridger,21,90 Graceland Park,1st Floor,Baltimore,21229,hridgerq6@liveinternet.ru,4434026441
944,Giulia,Signoret,5,70835 Roxbury Pass,,San Francisco,94147,gsignoretq7@ebay.com,4151350906
945,Charmine,Deignan,9,71 School Hill,,Washington,20580,cdeignanq8@phpbb.com,2029829101
946,Brew,Wortley,5,19 Hoffman Circle,,San Bernardino,92410,bwortleyq9@imdb.com,9094149994
947,Daffy,Newton,47,7159 Utah Point,Apt 338,Richmond,23277,dnewtonqa@facebook.com,8044720895
948,Nigel,Pescott,9,4088 Jenifer Point,Room 1630,Washington,20029,npescottqb@stanford.edu,2026134693
949,Zaccaria,Joskowicz,50,0 Clarendon Junction,,Milwaukee,53285,zjoskowiczqc@ucsd.edu,4147708878
950,Creighton,Gisby,16,45 Bellgrove Circle,,Des Moines,50936,cgisbyqd@moonfruit.com,5152529960
951,Jorgan,Lardier,33,46374 Badeau Trail,,Buffalo,14233,jlardierqe@ovh.net,7169185414
952,Erek,Palia,16,9 Kensington Plaza,Apt 483,Des Moines,50936,epaliaqf@time.com,5152799628
953,Honoria,Bance,44,0 Manitowish Hill,,Odessa,79769,hbanceqg@baidu.com,4325213448
954,Rickie,Moreton,6,707 Old Shore Place,,Arvada,80005,rmoretonqh@prnewswire.com,3037326055
955,Weylin,Walentynowicz,5,5 Judy Junction,,Fresno,93715,wwalentynowiczqi@epa.gov,5598920292
956,Jamal,Lindfors,18,6742 Erie Trail,PO Box 14684,Migrate,41905,jlindforsqj@pinterest.com,5028750414
957,Harmonia,Stranieri,47,7 Mcbride Junction,,Richmond,23277,hstranieriqk@shutterfly.com,8043877479
958,Giovanna,Visco,44,4777 Tennyson Junction,Suite 83,San Antonio,78225,gviscoql@smh.com.au,2109635274
959,Carlin,Clow,17,121 Melrose Way,2nd Floor,Kansas City,66105,cclowqm@so-net.ne.jp,9134901447
960,Hedvig,Jovovic,33,9 Pepper Wood Lane,,New York City,10270,hjovovicqn@biglobe.ne.jp,9172264633
961,Waylon,Fawdrie,1,90809 Oak Road,,Mobile,36616,wfawdrieqo@google.co.jp,2513393007
962,Edgard,Januszewski,9,5354 Hauk Pass,,Washington,20414,ejanuszewskiqp@jimdo.com,2024244042
963,Eugine,Inglefield,3,061 Moose Lane,,Phoenix,85045,einglefieldqq@ucsd.edu,4803529416
964,Sydney,Venes,38,606 Toban Circle,16th Floor,Portland,97211,svenesqr@wunderground.com,2086026512
965,Sashenka,Loidl,39,179 Jenna Street,PO Box 48871,Philadelphia,19131,sloidlqs@samsung.com,2157335092
966,Fulton,Stores,24,742 Hermina Lane,Suite 23,Monticello,55585,fstoresqt@house.gov,7638901618
967,Sheffield,Scawen,3,555 Menomonie Drive,,Phoenix,85083,sscawenqu@seesaa.net,6029613111
968,Suzette,Domengue,34,38 Crownhardt Alley,,High Point,27264,sdomengueqv@home.pl,3366286342
969,Berti,Gillooly,15,2 Sunbrook Parkway,Room 960,Indianapolis,46216,bgilloolyqw@angelfire.com,3172253017
970,Edik,Lythgoe,39,6133 Michigan Pass,,Pittsburgh,15235,elythgoeqx@disqus.com,4126204632
971,Giulietta,Aiston,32,3668 Anderson Court,,Albuquerque,87195,gaistonqy@dailymotion.com,5057466537
972,Madonna,Yarnton,39,62732 Comanche Center,,Bethlehem,18018,myarntonqz@tmall.com,6102967822
973,Denise,Tattersall,16,82 Independence Junction,Room 1365,Davenport,52809,dtattersallr0@archive.org,5636157708
974,Vale,McCray,11,8 Redwing Center,,Atlanta,30328,vmccrayr1@weather.com,4048090340
975,Brice,Ranaghan,5,6737 Eastlawn Street,Room 234,Sacramento,95823,branaghanr2@usa.gov,5109040613
976,Myles,Hardiman,5,7 Ronald Regan Hill,,Sacramento,95865,mhardimanr3@cargocollective.com,9161570197
977,Sven,Dionsetti,1,37309 Lake View Hill,,Mobile,36628,sdionsettir4@umn.edu,2516730222
978,Dur,Ponceford,50,97 Hayes Crossing,Suite 73,Milwaukee,53225,dponcefordr5@edublogs.org,4143716499
979,Alwin,Latty,17,94205 Everett Alley,,Shawnee Mission,66210,alattyr6@live.com,8162026979
980,Daloris,Reyna,5,3486 Sutteridge Terrace,PO Box 1141,Visalia,93291,dreynar7@walmart.com,5598837255
981,Saleem,Corro,22,551 Comanche Pass,PO Box 12806,Waltham,02453,scorror8@barnesandnoble.com,5087822386
982,Meg,Hegerty,13,5 International Park,PO Box 14340,Boise,83732,mhegertyr9@merriam-webster.com,2086394483
983,Simonette,Kinloch,10,226 Atwood Junction,PO Box 39417,Saint Petersburg,33737,skinlochra@oracle.com,7274648875
984,Cissy,Schwand,21,50908 Warrior Center,,Rockville,20851,cschwandrb@sitemeter.com,2401118505
985,Andria,Rivitt,31,71840 Prairie Rose Lane,Apt 1144,Paterson,07544,arivittrc@yahoo.co.jp,8621969608
986,Olympia,Hovee,7,0439 Express Pass,,New Haven,06510,ohoveerd@livejournal.com,2032714580
987,Lyssa,Arcase,48,15 Hanover Hill,,Seattle,98175,larcasere@desdev.cn,2066621383
988,Charmane,Smullin,1,55458 Tomscot Drive,Room 482,Birmingham,35242,csmullinrf@uiuc.edu,2058321935
989,Konrad,Giacomello,36,86 Dakota Point,Suite 66,Cincinnati,45999,kgiacomellorg@disqus.com,5137138692
990,Jorgan,Melan,36,75 Vernon Alley,,Dayton,45432,jmelanrh@fda.gov,9374910106
991,Libby,Cruse,1,7777 Blackbird Junction,,Mobile,36689,lcruseri@whitehouse.gov,2512187900
992,Dolorita,Pirazzi,39,99 Brentwood Hill,,Philadelphia,19160,dpirazzirj@homestead.com,2155028740
993,Bekki,Drinkeld,36,7611 Fisk Drive,Suite 86,Dayton,45403,bdrinkeldrk@chron.com,9371907794
994,Kittie,Bertwistle,49,081 La Follette Court,PO Box 75846,Charleston,25313,kbertwistlerl@blog.com,3043757414
995,Antons,Perford,23,20269 Messerschmidt Point,9th Floor,Detroit,48224,aperfordrm@cafepress.com,3133906262
996,Silvia,Craigheid,39,9851 Hanson Trail,PO Box 9564,Philadelphia,19160,scraigheidrn@moonfruit.com,2151933574
997,Isabella,Lyptrade,47,98111 Center Plaza,,Norfolk,23514,ilyptradero@bing.com,7578327235
998,Avram,Casterou,10,1393 Spenser Way,,Zephyrhills,33543,acasterourp@china.com.cn,8139105802
999,Verna,Gowen,33,978 High Crossing Junction,,Bronx,10469,vgowenrq@usatoday.com,3479099830
1000,Aubrie,Sweatland,5,1 Waywood Circle,,Sacramento,94250,asweatlandrr@whitehouse.gov,9162327992
