EmployeeID,FirstName,LastName,StateID,Street1,Street2,City,PostalCode,Email,Phone
1,Gran,Wraight,13,3 Blaine Court,PO Box 11090,Pocatello,83206,gwraight0@cbsnews.com,2089089221
2,Morry,Ropkins,4,740 Prairie Rose Street,,Hot Springs National Park,71914,mropkins1@amazon.co.uk,5015751304
3,Mead,Jelks,10,3744 Lindbergh Street,Apt 792,Hialeah,33013,mjelks2@alexa.com,3055167784
4,Sherlock,Eskrick,5,9 Sachtjen Court,Room 1895,Glendale,91210,seskrick3@thetimes.co.uk,8184963811
5,Merell,Sturgess,42,1 Calypso Center,,Sioux Falls,57193,msturgess4@ameblo.jp,6053120978
6,Perri,Sulland,44,6 Maywood Hill,,Dallas,75260,psulland5@lulu.com,2149677146
7,Ophelie,Kalinsky,39,611 Mifflin Alley,,Pittsburgh,15240,okalinsky6@slate.com,4124365583
8,Karlotte,McInnes,19,10 Messerschmidt Trail,,Monroe,71208,kmcinnes7@pen.io,3183170701
9,Keriann,Savege,36,923 Del Sol Drive,Suite 20,Cincinnati,45264,ksavege8@yellowpages.com,5139068496
10,Leanora,Naden,19,9 Westerfield Center,,Baton Rouge,70805,lnaden9@forbes.com,2252131127
11,Alfy,Beisley,33,261 Delaware Trail,Suite 17,Rochester,14604,abeisleya@yandex.ru,5856450131
12,Abbe,Petrishchev,3,99 Bowman Terrace,Room 560,Tucson,85737,apetrishchevb@dedecms.com,5209883093
13,Grenville,Towler,47,29915 Bunting Junction,,Richmond,23203,gtowlerc@rediff.com,8045607129
14,Florian,Ramage,48,5931 Ludington Trail,Room 690,Tacoma,98464,framaged@wsj.com,2536545865
15,Sharron,Eddowis,9,75019 Maywood Street,Room 705,Washington,20046,seddowise@chron.com,2025047097
16,Valencia,Handes,18,56620 Sycamore Park,PO Box 92680,Lexington,40505,vhandesf@wp.com,8595274316
17,Ethyl,Davidovich,21,8 Shasta Drive,,Bowie,20719,edavidovichg@archive.org,2406688375
18,Shalna,Chucks,44,99023 Esch Plaza,,Austin,78703,schucksh@bing.com,5129463625
19,Christean,Kew,34,49818 Tennyson Terrace,2nd Floor,Asheville,28805,ckewi@cbc.ca,8282515677
20,Farr,Stanner,5,76059 Sycamore Court,,San Mateo,94405,fstannerj@vk.com,8059492861
21,Percival,Fend,39,5 Summit Street,19th Floor,Philadelphia,19115,pfendk@about.com,2151701737
22,Nappy,Stennard,24,56758 Arkansas Road,,Minneapolis,55448,nstennardl@virginia.edu,6126343806
23,Eustace,Howlett,33,3641 Moland Court,,Yonkers,10705,ehowlettm@reddit.com,9146276698
24,Rozanna,Juster,11,6268 Reindahl Trail,,Columbus,31914,rjustern@joomla.org,7066074958
25,Dacie,Joontjes,31,90 Muir Terrace,PO Box 84274,Paterson,07522,djoontjeso@symantec.com,2017648536
26,Analiese,Pimerick,6,17344 Westend Drive,,Denver,80241,apimerickp@examiner.com,7208782990
27,Blinnie,Careless,5,1 Meadow Valley Parkway,,Los Angeles,90010,bcarelessq@goo.ne.jp,6267727774
28,Didi,Hitcham,10,39 Golden Leaf Junction,,Tallahassee,32304,dhitchamr@squarespace.com,8507216011
29,Tracy,Scoble,25,2 Manitowish Drive,,Jackson,39236,tscobles@hp.com,6011172162
30,Marje,Scanes,10,944 Gina Avenue,,Tallahassee,32314,mscanest@t.co,8509236628
31,Florella,Patrie,10,68 Anderson Hill,Room 1441,Saint Petersburg,33705,fpatrieu@tinyurl.com,7275648763
32,Norman,Quilter,10,7 Mcguire Road,PO Box 53932,Clearwater,34629,nquilterv@liveinternet.ru,7275257361
33,Alfredo,Leonard,34,17912 Southridge Park,,Raleigh,27605,aleonardw@opensource.org,9195748480
34,Astrix,Rielly,36,8 Lindbergh Court,PO Box 754,Canton,44720,ariellyx@posterous.com,3303242063
35,Taffy,Camlin,44,643 Badeau Way,,Corpus Christi,78426,tcamliny@chicagotribune.com,3616807262
36,Jeniffer,Oldknowe,44,273 Duke Park,PO Box 25807,Galveston,77554,joldknowez@bigcartel.com,4093787814
37,Harlen,Steel,49,929 Sunfield Point,,Charleston,25389,hsteel10@wp.com,3048364326
38,Carline,Inger,3,561 Eastlawn Park,PO Box 94147,Phoenix,85025,cinger11@jugem.jp,6028059659
39,Garald,Meekings,23,95975 Steensland Alley,,Flint,48555,gmeekings12@php.net,8102629224
40,Lacy,Tritten,14,23047 Mallory Parkway,,Chicago,60697,ltritten13@telegraph.co.uk,3123738706
41,Samson,Trevallion,47,783 Emmet Street,,Reston,20195,strevallion14@wired.com,7037604539
42,Marcelo,Tomson,36,27609 Marcy Road,Room 1715,Cincinnati,45254,mtomson15@webnode.com,5136301852
43,Cherry,Kennelly,50,569 Arizona Center,Suite 55,Madison,53716,ckennelly16@washington.edu,6084689768
44,Mimi,Limeburner,18,52 Kensington Road,5th Floor,Louisville,40233,mlimeburner17@google.cn,5021739807
45,Gordy,Reast,39,8 Dryden Way,Suite 23,Bethlehem,18018,greast18@qq.com,4847622580
46,Nariko,Reith,10,3640 Mesta Place,,Tampa,33610,nreith19@cnn.com,8134805836
47,Inness,Rhucroft,14,09275 Cordelia Street,PO Box 31230,Joliet,60435,irhucroft1a@prnewswire.com,8153490937
48,Donni,Haste,44,365 Del Sol Place,Room 1819,Arlington,76004,dhaste1b@prnewswire.com,8172334252
49,Jillene,Spaughton,26,10 Pepper Wood Crossing,Apt 1430,Kansas City,64142,jspaughton1c@posterous.com,8162745005
50,Natty,Freak,33,9 Pepper Wood Terrace,PO Box 53298,Buffalo,14233,nfreak1d@bing.com,7167686160
51,Oralie,Shanklin,37,91 Grayhawk Street,,Edmond,73034,oshanklin1e@home.pl,4058779559
52,Benton,Dougary,5,45070 Cody Drive,,Palo Alto,94302,bdougary1f@yolasite.com,3108193178
53,Lind,Spandley,5,7760 Del Sol Junction,,Oakland,94605,lspandley1g@springer.com,5109262678
54,Shandee,Knipe,4,53767 Susan Park,PO Box 11462,North Little Rock,72199,sknipe1h@vk.com,5018738511
55,Maje,Mendonca,44,5892 Crowley Road,Room 1260,El Paso,88589,mmendonca1i@skyrock.com,9158047679
56,Ryley,Laverty,37,368 Brentwood Street,,Oklahoma City,73135,rlaverty1j@senate.gov,4053433593
57,Caro,Pasby,33,3 Elmside Lane,,Mount Vernon,10557,cpasby1k@exblog.jp,9143037722
58,Agnese,Freeberne,33,2 Hanover Road,Apt 1898,Rochester,14646,afreeberne1l@hc360.com,5851280699
59,Thia,Gelder,35,3 Loftsgordon Drive,Apt 415,Fargo,58122,tgelder1m@vkontakte.ru,7016660819
60,Orrin,Sante,43,213 Graedel Crossing,Apt 954,Memphis,38181,osante1n@mail.ru,9014256181
61,Yancey,Littefair,44,9 Prairieview Park,Suite 19,San Antonio,78285,ylittefair1o@flavors.me,2101786536
62,Luella,Lackey,5,7 Randy Center,,Fresno,93778,llackey1p@tuttocitta.it,5592389390
63,Lewes,Tattershall,5,69 Meadow Vale Point,,Los Angeles,90081,ltattershall1q@jimdo.com,2138303107
64,Elisa,Stiddard,5,1456 Toban Road,,Pasadena,91186,estiddard1r@shop-pro.jp,6265858227
65,Hermione,Flacke,1,87788 Fair Oaks Drive,,Tuscaloosa,35405,hflacke1s@mapquest.com,2058270549
66,Husein,Higgen,18,50 Lakewood Avenue,,Louisville,40287,hhiggen1t@squidoo.com,5021591338
67,Nanci,Gaudon,29,9 Badeau Plaza,8th Floor,Las Vegas,89150,ngaudon1u@narod.ru,7026227141
68,Lizette,Le Sieur,44,1391 Fremont Lane,,San Antonio,78265,llesieur1v@who.int,2104055333
69,Rasia,Fadell,29,40 Lakewood Hill,,Las Vegas,89160,rfadell1w@buzzfeed.com,7025851226
70,Kenneth,Alflatt,11,96534 Ramsey Plaza,Apt 1014,Atlanta,30368,kalflatt1x@scribd.com,4047536310
71,Elmore,Beardow,15,8861 Nova Center,Room 146,Bloomington,47405,ebeardow1y@oracle.com,8126233160
72,Francine,Frigout,36,7737 Clemons Hill,,Toledo,43666,ffrigout1z@wikimedia.org,4192416989
73,Lexie,Erratt,3,7974 Thompson Way,17th Floor,Phoenix,85077,lerratt20@purevolume.com,6023420812
74,Mady,Diggles,41,263 Ronald Regan Circle,Apt 526,Charleston,29411,mdiggles21@blinklist.com,8434184330
75,Brandy,Cancelier,5,34 Pepper Wood Circle,PO Box 85104,Los Angeles,90081,bcancelier22@zdnet.com,2139777638
76,Alexine,Ouver,37,810 Monica Park,PO Box 84319,Oklahoma City,73179,aouver23@theatlantic.com,4052681840
77,Sigismond,Summerlie,5,246 Sunfield Circle,Apt 388,Escondido,92030,ssummerlie24@wikispaces.com,7605871963
78,Welbie,Agius,3,61323 Reinke Hill,,Phoenix,85030,wagius25@shutterfly.com,6025079019
79,Lionel,Rosa,10,0924 Hudson Way,,Gainesville,32605,lrosa26@t-online.de,3527356671
80,Eustace,Benninger,34,0134 John Wall Center,,Charlotte,28289,ebenninger27@cbc.ca,7044340190
81,Reinaldo,Sherland,5,73 Bluejay Lane,,Los Angeles,90081,rsherland28@wordpress.com,2133087912
82,Baxie,Scarth,39,50904 Doe Crossing Lane,,Pittsburgh,15230,bscarth29@123-reg.co.uk,4127654741
83,Lorenza,Spencley,16,0586 Cordelia Court,9th Floor,Des Moines,50362,lspencley2a@so-net.ne.jp,5158881731
84,Milo,Piggot,43,004 Menomonie Court,Room 1923,Nashville,37240,mpiggot2b@weibo.com,6155445193
85,Jandy,Celloni,5,5 Dahle Pass,Apt 511,Sacramento,95838,jcelloni2c@hud.gov,9169643830
86,Suzann,Penelli,31,316 Jana Lane,,Trenton,08638,spenelli2d@oracle.com,6093636620
87,Cherrita,Manton,48,715 Fieldstone Plaza,,Bellevue,98008,cmanton2e@istockphoto.com,2067099828
88,Freeland,Rosenstein,24,61 Melrose Court,Room 863,Minneapolis,55480,frosenstein2f@shutterfly.com,6127099507
89,Eydie,Bartelli,38,3 Meadow Valley Center,,Eugene,97405,ebartelli2g@ask.com,5414424584
90,Avictor,Eastope,11,680 Welch Place,PO Box 19265,Atlanta,31190,aeastope2h@photobucket.com,4043697416
91,Mildrid,Howel,15,1664 School Crossing,,Evansville,47712,mhowel2i@vimeo.com,8128931201
92,Jordan,Edmonson,23,3669 Kennedy Junction,Suite 16,Troy,48098,jedmonson2j@purevolume.com,2489910981
93,Anatollo,Poschel,12,87382 Kedzie Parkway,,Honolulu,96835,aposchel2k@exblog.jp,8089562531
94,Noelyn,Knocker,5,4 Kinsman Center,PO Box 47506,Riverside,92513,nknocker2l@biblegateway.com,9515750710
95,Ginelle,Saines,48,213 Havey Pass,,Tacoma,98411,gsaines2m@symantec.com,2533723042
96,Vincenz,Caitlin,2,5447 Fordem Drive,,Juneau,99812,vcaitlin2n@npr.org,9077536249
97,Nyssa,Deaville,5,0 Cottonwood Parkway,,Burbank,91505,ndeaville2o@sbwire.com,6614053797
98,Billye,Baum,10,26819 Dwight Center,16th Floor,Tallahassee,32314,bbaum2p@networksolutions.com,8508362236
99,Nathanil,Melledy,14,53 Oak Way,,Chicago,60609,nmelledy2q@reverbnation.com,3129080136
100,Seline,Rossiter,5,6625 Stoughton Trail,Room 1520,Sacramento,94291,srossiter2r@addthis.com,9162856894
101,Shawnee,Haacker,3,7 South Point,20th Floor,Tucson,85737,shaacker2s@yahoo.com,5202719788
102,Sabrina,Creagh,10,779 Stoughton Point,,Fort Lauderdale,33325,screagh2t@seesaa.net,9548393297
103,Hugues,Starie,10,4 Northland Center,,Miami,33245,hstarie2u@guardian.co.uk,7863245964
104,Elvina,Moniker,39,7373 Onsgard Way,Apt 1088,Philadelphia,19196,emoniker2v@chronoengine.com,2158235952
105,Bette-ann,Ormerod,9,37 Dennis Street,11th Floor,Washington,20430,bormerod2w@army.mil,2023250801
106,Rosabel,McDavitt,44,4803 Mesta Road,Room 1864,Houston,77075,rmcdavitt2x@chronoengine.com,7137247828
107,Chester,Ithell,5,80 Stephen Place,PO Box 36007,Whittier,90605,cithell2y@hao123.com,6262256268
108,Thaxter,Frowd,43,9953 Thompson Way,,Murfreesboro,37131,tfrowd2z@w3.org,6157554089
109,Aurelie,Stanier,37,6 Hoard Junction,Suite 52,Tulsa,74116,astanier30@forbes.com,9189652918
110,Lilith,Sturton,7,573 Waxwing Place,15th Floor,New Haven,06533,lsturton31@guardian.co.uk,2033993649
111,Sidnee,Gatrell,33,37 Union Crossing,,Jamaica,11499,sgatrell32@wunderground.com,2127012115
112,Klarrisa,Boydle,47,251 Northland Crossing,Apt 1897,Richmond,23208,kboydle33@youtube.com,8043838591
113,Odella,Raysdale,44,731 Ryan Drive,,San Antonio,78210,oraysdale34@phoca.cz,2109612665
114,Rosa,Domenichelli,9,97 Kings Street,16th Floor,Washington,20409,rdomenichelli35@smh.com.au,2021247687
115,Ker,Ghiriardelli,33,56 Almo Alley,Room 132,Flushing,11388,kghiriardelli36@booking.com,7189663940
116,Edgardo,Quakley,44,1 Little Fleur Crossing,,Houston,77245,equakley37@springer.com,7131143491
117,Nelie,Pulbrook,24,1 Butterfield Drive,Apt 694,Saint Paul,55123,npulbrook38@businesswire.com,9523228252
118,Hastings,Joan,6,9829 Oriole Point,Suite 49,Pueblo,81015,hjoan39@netvibes.com,7197623657
119,Ema,Kindall,39,94 Randy Point,Room 739,Philadelphia,19160,ekindall3a@usatoday.com,2159165861
120,Trescha,Monksfield,14,8 Dahle Place,,Chicago,60686,tmonksfield3b@engadget.com,3124716176
121,Lanny,Sharvill,34,0623 Kim Hill,Apt 1725,Raleigh,27615,lsharvill3c@uiuc.edu,9191125622
122,Donnie,Lovell,11,0 Ronald Regan Park,PO Box 52768,Lawrenceville,30045,dlovell3d@patch.com,4047011263
123,Alexis,Powner,10,363 Cottonwood Street,,Orlando,32885,apowner3e@dropbox.com,4075078854
124,Berke,Grovier,33,99313 Elka Road,,New York City,10249,bgrovier3f@etsy.com,2124103043
125,Sanderson,Gabe,15,920 Mitchell Circle,,Gary,46406,sgabe3g@alibaba.com,2191775078
126,Aldridge,Scoggan,10,38342 6th Lane,Apt 201,Miami Beach,33141,ascoggan3h@ask.com,3054637551
127,Adriano,Pietsma,8,43 Coolidge Avenue,Room 514,Newark,19714,apietsma3i@tripadvisor.com,3027044961
128,Nisse,Goreway,39,559 Elgar Terrace,Suite 1,Lancaster,17622,ngoreway3j@edublogs.org,7171701414
129,Merrile,Wittier,23,07 Prairie Rose Crossing,,Grand Rapids,49518,mwittier3k@earthlink.net,6166851331
130,Ariela,Lackington,33,28557 Monument Pass,Apt 1652,Buffalo,14205,alackington3l@weibo.com,7167158725
131,Stern,Baumann,5,6 Springview Park,PO Box 22379,San Diego,92132,sbaumann3m@marketwatch.com,6197705974
132,Gloriane,Camacke,10,26170 Mifflin Junction,Apt 575,Fort Lauderdale,33315,gcamacke3n@about.com,9545530496
133,Irene,Gleasane,15,65 Elmside Circle,,Indianapolis,46231,igleasane3o@cloudflare.com,3179469998
134,Adara,Welfair,36,68496 Brentwood Circle,Suite 51,Cleveland,44125,awelfair3p@lulu.com,2161853005
135,Leonanie,Rookwell,3,806 Hoffman Road,PO Box 63857,Gilbert,85297,lrookwell3q@guardian.co.uk,6022754236
136,Lian,Jerratsch,33,10183 Pond Circle,,Bronx,10469,ljerratsch3r@wired.com,3475503564
137,Sherm,Seear,28,55 Sundown Circle,Suite 64,Lincoln,68505,sseear3s@adobe.com,4029879010
138,Kati,Pendrigh,14,5051 Oneill Alley,Apt 1099,Chicago,60636,kpendrigh3t@comcast.net,3126526528
139,Ivette,Chaudhry,37,2 Anhalt Alley,PO Box 46005,Oklahoma City,73173,ichaudhry3u@youku.com,4051592449
140,Aprilette,Perrigo,47,35836 Waubesa Court,,Herndon,22070,aperrigo3v@boston.com,7579409429
141,Jillene,Nix,10,5 Garrison Terrace,,Clearwater,33758,jnix3w@blogtalkradio.com,8137388884
142,Emmit,Stallen,43,9 Pierstorff Point,2nd Floor,Nashville,37228,estallen3x@netlog.com,6158949276
143,Glennie,Jelkes,5,245 Rigney Road,Room 1317,Bakersfield,93311,gjelkes3y@techcrunch.com,8051824329
144,Lise,Janout,37,686 Northport Way,,Oklahoma City,73173,ljanout3z@java.com,4054500883
145,Ximenes,Brookshaw,29,2138 Manufacturers Circle,Apt 1659,Henderson,89074,xbrookshaw40@liveinternet.ru,7024870765
146,Marjory,Verdon,36,22558 Mcbride Road,Suite 91,Columbus,43240,mverdon41@oakley.com,6149513591
147,Karel,Taylder,10,7064 Wayridge Crossing,Room 994,Hialeah,33013,ktaylder42@yale.edu,7865388714
148,Melosa,McTrustrie,11,06281 Lakewood Point,,Atlanta,31132,mmctrustrie43@nationalgeographic.com,4042906973
149,Penelopa,Garvan,5,78083 Londonderry Point,,Los Angeles,90030,pgarvan44@github.com,2135673273
150,Colver,Coase,9,2553 Eastlawn Junction,,Washington,20370,ccoase45@topsy.com,2023662459
151,Yancy,Pilsworth,44,690 Dayton Avenue,Apt 1746,San Antonio,78296,ypilsworth46@e-recht24.de,2103534439
152,Esme,Elphey,10,75 Hoard Circle,11th Floor,Fort Myers,33906,eelphey47@weebly.com,2399316806
153,Fiann,Dunkerley,13,0223 Prairieview Street,,Boise,83757,fdunkerley48@tinyurl.com,2081959946
154,Leisha,Sambles,44,1 Fairfield Drive,,Irving,75037,lsambles49@wordpress.org,2142274710
155,Calhoun,Kindread,10,935 Melody Parkway,Room 291,Largo,33777,ckindread4a@hud.gov,7277297676
156,Dion,Linny,13,844 Sugar Terrace,Suite 18,Boise,83727,dlinny4b@github.io,2087491288
157,Harley,Pigott,49,1 Vernon Hill,,Charleston,25321,hpigott4c@harvard.edu,3048816748
158,Zabrina,Binne,15,98 Sauthoff Avenue,,Fort Wayne,46857,zbinne4d@samsung.com,2604888601
159,Bern,McSperrin,33,4033 Bartelt Lane,,New York City,10165,bmcsperrin4e@shutterfly.com,9174991697
160,Anderson,Booth,5,7079 Algoma Drive,PO Box 64416,Los Angeles,90035,abooth4f@homestead.com,3104053675
161,Abbi,Van Dalen,22,0 Pierstorff Terrace,PO Box 93215,Boston,02283,avandalen4g@va.gov,7819240439
162,Karita,Jedrychowski,10,8453 Hudson Point,PO Box 2919,Tallahassee,32314,kjedrychowski4h@ustream.tv,8507052320
163,Millie,Beavors,5,8 Meadow Vale Trail,Suite 51,Van Nuys,91411,mbeavors4i@google.de,3234055506
164,Malory,Coney,15,4309 3rd Center,16th Floor,Fort Wayne,46814,mconey4j@sciencedaily.com,2607480108
165,Charil,Joye,39,87 Westend Center,,Pittsburgh,15255,cjoye4k@joomla.org,4126462552
166,Celestina,Bartel,6,58 Coleman Plaza,,Denver,80299,cbartel4l@wikipedia.org,3037631836
167,Thorvald,Anderbrugge,10,5 Montana Junction,,Kissimmee,34745,tanderbrugge4m@acquirethisname.com,4073164920
168,Harriott,Clyant,22,743 Commercial Hill,,Boston,02104,hclyant4n@vkontakte.ru,3185475057
169,Ric,Huygen,44,76 Ridgeview Place,,Dallas,75210,rhuygen4o@sciencedirect.com,9724391902
170,Price,Hacon,18,88 Killdeer Hill,Apt 1779,Lexington,40586,phacon4p@craigslist.org,8591696211
171,Glynnis,Asaaf,22,45208 Twin Pines Junction,,Newton,02162,gasaaf4q@europa.eu,5086927458
172,Randolph,Tugwell,14,56 Dorton Park,10th Floor,Springfield,62723,rtugwell4r@tamu.edu,2173155979
173,Felix,Cutchee,10,0 Eagle Crest Terrace,,Port Saint Lucie,34985,fcutchee4s@t.co,7729692496
174,Zondra,Vatini,3,5172 Eagle Crest Junction,Room 1641,Gilbert,85297,zvatini4t@imageshack.us,6024944822
175,Katherina,Seabridge,18,827 Mallard Lane,Room 831,Louisville,40250,kseabridge4u@nba.com,5024802081
176,Dodi,Gabbatiss,22,8718 Petterle Terrace,,Woburn,01813,dgabbatiss4v@ibm.com,3397815772
177,Thibaut,Jablonski,17,39771 Karstens Drive,7th Floor,Shawnee Mission,66205,tjablonski4w@infoseek.co.jp,9138046000
178,Margret,Mabbs,1,5826 Cordelia Plaza,9th Floor,Mobile,36641,mmabbs4x@google.ru,2518643821
179,Dewie,Brice,3,9794 Eggendart Plaza,Apt 858,Tucson,85720,dbrice4y@linkedin.com,5209082166
180,Ronica,Steele,33,11937 Fuller Hill,Room 1172,New York City,10160,rsteele4z@mapquest.com,2128826267
181,Elmore,Lawtie,47,47268 Thompson Lane,Room 843,Richmond,23228,elawtie50@discuz.net,8042904635
182,Lilias,Massimi,9,281 Tomscot Road,11th Floor,Washington,20520,lmassimi51@marriott.com,2029315297
183,Alena,Lindsey,5,164 Gina Way,Room 1381,North Hollywood,91606,alindsey52@themeforest.net,8185787835
184,Jacquenetta,Freake,44,630 Sachtjen Junction,Suite 44,Odessa,79764,jfreake53@mit.edu,4327798426
185,Cherlyn,Murch,11,4531 Hagan Street,,Atlanta,30356,cmurch54@apache.org,4048276194
186,Farica,Souza,47,8268 Orin Street,Apt 963,Sterling,20167,fsouza55@google.fr,5712159697
187,Kalinda,Guillou,3,808 Starling Park,Suite 54,Tucson,85737,kguillou56@altervista.org,5202155237
188,Jade,Lorraine,44,26473 American Ash Place,,Austin,78749,jlorraine57@wikispaces.com,5128316984
189,Gothart,Kiddie,33,2780 Waxwing Street,Room 77,New York City,10099,gkiddie58@dyndns.org,6465952905
190,Dannye,Drinkall,1,98464 Sugar Road,PO Box 7428,Montgomery,36114,ddrinkall59@is.gd,3348318887
191,Mordy,McPartlin,47,0879 Swallow Terrace,Apt 4,Herndon,22070,mmcpartlin5a@oaic.gov.au,7579865551
192,Fionnula,Morrilly,44,5412 4th Court,,El Paso,88574,fmorrilly5b@imgur.com,9152132800
193,Rupert,Trowbridge,44,0 Division Lane,Suite 2,Galveston,77554,rtrowbridge5c@chron.com,2816094722
194,Simona,Minchin,28,1634 Old Shore Terrace,19th Floor,Omaha,68110,sminchin5d@digg.com,4022160664
195,Micheline,Tinniswood,5,20 Pawling Alley,PO Box 82859,Stockton,95210,mtinniswood5e@addthis.com,2099877143
196,Johanna,Brou,24,05118 Anthes Alley,16th Floor,Minneapolis,55441,jbrou5f@mysql.com,7633663875
197,Jimmy,Fenn,33,825 Southridge Court,,Jamaica,11480,jfenn5g@about.me,7182318324
198,Hyacinthie,Gee,44,47077 Talisman Hill,PO Box 69713,Dallas,75353,hgee5h@wix.com,2146250903
199,Lina,O'Corrane,34,99325 Pearson Park,Apt 1427,Wilmington,28405,locorrane5i@hc360.com,9101923940
200,Gena,Ivashin,22,4614 Vermont Road,Suite 2,Boston,02203,givashin5j@de.vu,6178957672
201,Lizzy,Kuhnel,33,4598 Grover Place,Room 1594,Buffalo,14269,lkuhnel5k@jiathis.com,7169029191
202,Reine,Grim,41,3 Southridge Circle,,Charleston,29416,rgrim5l@edublogs.org,8432533994
203,Tresa,Blucher,13,1 Truax Road,,Boise,83705,tblucher5m@usa.gov,2088347910
204,Rodie,Sherar,39,21177 High Crossing Plaza,,Pittsburgh,15266,rsherar5n@sbwire.com,2186768
205,Terrence,Willows,40,9540 Monica Street,,Providence,02905,twillows5o@miibeian.gov.cn,4014859165
206,Ogdan,Daughtry,43,03 Melrose Point,Apt 861,Memphis,38188,odaughtry5p@cdc.gov,9016244123
207,Worthy,Pizzie,17,6 Sauthoff Road,,Shawnee Mission,66286,wpizzie5q@so-net.ne.jp,9132665648
208,Whittaker,Domino,48,2 Everett Pass,Room 103,Kent,98042,wdomino5r@walmart.com,2531630687
209,Merridie,Seviour,11,664 Briar Crest Crossing,,Atlanta,30368,mseviour5s@microsoft.com,4043462710
210,Torre,Besantie,5,38069 Oak Valley Hill,Apt 512,Anaheim,92825,tbesantie5t@japanpost.jp,7145506645
211,Cristal,Cucuzza,5,04077 Redwing Junction,,Anaheim,92825,ccucuzza5u@cafepress.com,7149288124
212,Frants,Aberkirder,16,0655 Knutson Alley,Suite 68,Des Moines,50320,faberkirder5v@slideshare.net,5157728161
213,Nonnah,Rosenstock,34,7 Roxbury Plaza,,Greensboro,27409,nrosenstock5w@feedburner.com,3363351413
214,Salome,Byne,22,909 Anhalt Plaza,,Brockton,02305,sbyne5x@t.co,5084763004
215,Pauline,Haack,21,285 Maywood Point,Room 507,Laurel,20709,phaack5y@home.pl,3015128599
216,Sandi,Sissons,34,03171 Cambridge Alley,PO Box 21368,High Point,27264,ssissons5z@usa.gov,3362060552
217,Sioux,Yuille,29,8 Warbler Lane,Apt 646,Las Vegas,89193,syuille60@ox.ac.uk,7029921173
218,Blaine,Dufaire,7,15435 Caliangt Court,Room 931,Norwalk,06859,bdufaire61@phoca.cz,2034680929
219,Arleta,Titcom,34,35 Petterle Hill,,High Point,27264,atitcom62@cnet.com,3369243111
220,Barney,Pearch,5,302 Kim Drive,,San Jose,95123,bpearch63@deviantart.com,4088308947
221,Gabbey,Verheyden,44,005 1st Center,,Austin,78732,gverheyden64@wordpress.org,5124896618
222,Sheelagh,Redparth,5,1802 Kim Circle,,Stockton,95205,sredparth65@ask.com,2095503961
223,Lenette,Musto,24,485 Hansons Place,,Saint Paul,55103,lmusto66@reuters.com,6512742690
224,Catharina,Genery,38,3436 Buhler Circle,Suite 58,Eugene,97405,cgenery67@netlog.com,5413935747
225,Doug,Everix,5,245 8th Pass,Apt 1824,Garden Grove,92645,deverix68@clickbank.net,7146749024
226,Morganne,Allmann,5,93 Cottonwood Pass,,Sacramento,94297,mallmann69@addthis.com,9161823665
227,Maryanne,Braund,19,3 Jackson Alley,Room 905,Baton Rouge,70826,mbraund6a@wix.com,2259615228
228,Othilie,Clayson,5,7587 Steensland Place,Apt 828,San Jose,95113,oclayson6b@pen.io,4086096567
229,Verney,Crenage,47,41 Mandrake Pass,,Richmond,23213,vcrenage6c@spotify.com,8044125067
230,Earlie,Merryfield,34,241 Clove Crossing,Apt 1722,Greensboro,27425,emerryfield6d@ucoz.ru,3365352327
231,Port,Matzl,5,0 Morrow Lane,,Pasadena,91131,pmatzl6e@yolasite.com,6269474086
232,Halsey,McBean,14,280 Raven Point,Room 356,East Saint Louis,62205,hmcbean6f@noaa.gov,6188091591
233,Florinda,Marflitt,16,661 Spenser Circle,,Des Moines,50347,fmarflitt6g@senate.gov,5153371515
234,Fidela,Lichtfoth,3,5098 Fulton Street,PO Box 26586,Phoenix,85010,flichtfoth6h@cyberchimps.com,6025249579
235,Francis,Baser,48,6048 Lyons Terrace,,Seattle,98121,fbaser6i@umich.edu,2062667587
236,Barr,Brammall,47,11 Warbler Pass,Room 1434,Vienna,22184,bbrammall6j@answers.com,5716766219
237,Peadar,Powlett,1,4 Wayridge Circle,,Birmingham,35244,ppowlett6k@people.com.cn,2055473478
238,Rodi,Grouse,5,799 Cody Drive,Room 1931,San Mateo,94405,rgrouse6l@noaa.gov,8059908179
239,Cherey,Scad,10,3 Meadow Vale Street,,Fort Lauderdale,33305,cscad6m@yellowpages.com,9545171088
240,Chrotoem,Haile,33,237 Northport Crossing,PO Box 17058,New York City,10155,chaile6n@vkontakte.ru,6466778189
241,Lazar,Matthensen,6,00324 Delaware Junction,,Denver,80223,lmatthensen6o@wordpress.com,7208834085
242,Gar,Cervantes,1,406 Delaware Street,,Birmingham,35254,gcervantes6p@hibu.com,2056716588
243,Maximilianus,Gotcliff,44,68674 Hauk Trail,,Austin,78710,mgotcliff6q@sbwire.com,5125783852
244,Mycah,O'Conor,49,34 Dryden Alley,Room 1910,Huntington,25770,moconor6r@amazon.de,3049019817
245,Jessy,McAree,22,47646 Onsgard Park,PO Box 97056,Springfield,01105,jmcaree6s@nbcnews.com,4137247989
246,Staffard,Hollier,10,9 Moland Alley,Suite 76,Sarasota,34276,shollier6t@dyndns.org,9413682690
247,Donella,Bowmer,36,3552 8th Hill,,Dayton,45414,dbowmer6u@trellian.com,9373938813
248,Maggy,Doyland,17,1654 Westridge Avenue,Apt 1151,Shawnee Mission,66215,mdoyland6v@networkadvertising.org,9139137673
249,Bartlett,Braxay,5,112 Tomscot Lane,17th Floor,Santa Rosa,95405,bbraxay6w@eventbrite.com,7075788256
250,Sharai,Summerill,44,39 Fallview Avenue,Room 248,El Paso,88525,ssummerill6x@xinhuanet.com,9155552974
251,Leonanie,Entwhistle,44,993 Oneill Court,PO Box 20700,Amarillo,79105,lentwhistle6y@rediff.com,8064520893
252,Legra,Ewer,48,69938 Merrick Hill,PO Box 34687,Tacoma,98411,lewer6z@livejournal.com,2538786980
253,Fergus,Chedgey,39,40 Old Shore Drive,PO Box 67191,Philadelphia,19093,fchedgey70@taobao.com,2157719620
254,Cristine,Van Dalen,33,427 Mcguire Center,,Brooklyn,11205,cvandalen71@newyorker.com,7189933300
255,Nikolos,Latch,10,4110 Green Ridge Crossing,Room 1362,Jacksonville,32225,nlatch72@tripod.com,9048597084
256,Marrissa,Parsell,22,573 Forster Trail,,Boston,02216,mparsell73@ifeng.com,6178355551
257,Ola,Canedo,26,89791 Marquette Way,Room 1921,Columbia,65218,ocanedo74@a8.net,5739258055
258,Maryjane,Farnill,37,06 Ridgeway Plaza,,Oklahoma City,73152,mfarnill75@yellowbook.com,4054003446
259,Graeme,Pilkinton,38,637 Tomscot Drive,,Portland,97216,gpilkinton76@ftc.gov,5031624219
260,Rosene,Kaser,26,630 Buell Trail,,Independence,64054,rkaser77@wix.com,8166556773
261,Lucais,Giabucci,41,13313 Merrick Street,,Charleston,29424,lgiabucci78@japanpost.jp,8431059604
262,Alexia,Vidyapin,23,46876 Raven Court,Room 1927,Detroit,48217,avidyapin79@zdnet.com,3134383119
263,Baxie,Winterscale,6,086 Hoepker Street,,Grand Junction,81505,bwinterscale7a@elegantthemes.com,9701775414
264,Konstanze,Fairnie,25,571 Melvin Drive,Room 1776,Jackson,39210,kfairnie7b@amazon.co.jp,6018273856
265,Cordelia,Wendover,22,80 Ramsey Trail,,Newton,02162,cwendover7c@google.cn,5085094222
266,Avictor,Tilley,9,20 Crowley Park,Apt 1781,Washington,20425,atilley7d@photobucket.com,2027853055
267,Cad,Armall,10,0 Harper Crossing,PO Box 80333,Largo,34643,carmall7e@europa.eu,7277987424
268,Andreana,Hardy-Piggin,16,815 Northfield Parkway,,Des Moines,50310,ahardypiggin7f@prnewswire.com,5154098814
269,Irma,Fahy,14,58 Shelley Way,PO Box 63729,Chicago,60624,ifahy7g@boston.com,7731422623
270,Dani,Boost,10,84068 Mandrake Road,,West Palm Beach,33421,dboost7h@utexas.edu,5618649180
271,Lyndsay,Swaile,5,51731 Aberg Pass,Apt 376,Los Angeles,90065,lswaile7i@eventbrite.com,2136185465
272,Elfrida,Dehn,36,99686 Crescent Oaks Trail,11th Floor,Cincinnati,45264,edehn7j@pbs.org,5138829881
273,Germain,Aspey,5,90497 Main Park,Suite 75,Sacramento,94237,gaspey7k@seattletimes.com,9164358037
274,Margareta,Skeleton,41,314 High Crossing Alley,1st Floor,Columbia,29215,mskeleton7l@slate.com,8037359877
275,Amanda,Dallinder,10,33731 Dorton Court,Room 1751,Clearwater,34629,adallinder7m@ox.ac.uk,7273170486
276,Jorie,Rathbourne,33,448 Mockingbird Crossing,Apt 1875,New York City,10060,jrathbourne7n@spiegel.de,6467355168
277,Kerby,Poulsom,45,808 Ronald Regan Crossing,,Sandy,84093,kpoulsom7o@sbwire.com,8018034872
278,Muriel,Pavlovsky,23,5 Mcguire Hill,Room 581,Kalamazoo,49006,mpavlovsky7p@howstuffworks.com,2695998229
279,Alysia,Bifield,9,8 Independence Hill,Room 1236,Washington,20599,abifield7q@ox.ac.uk,2029348870
280,Lexis,Snewin,33,9 Service Court,Room 862,Brooklyn,11220,lsnewin7r@ted.com,7185556424
281,Elvis,Neathway,33,403 Golden Leaf Trail,PO Box 14060,Jamaica,11407,eneathway7s@disqus.com,5163533817
282,Jeff,Clausner,9,6 Tennyson Place,,Washington,20067,jclausner7t@craigslist.org,2022119991
283,Tedi,Kirkby,13,02387 Cottonwood Pass,1st Floor,Boise,83757,tkirkby7u@yahoo.co.jp,2082029273
284,Bettine,Shervington,39,090 Stoughton Center,Suite 78,Lancaster,17622,bshervington7v@yolasite.com,7172975692
285,Chan,Laite,44,999 Kenwood Way,,San Antonio,78255,claite7w@msu.edu,2109978328
286,Felicity,Vallintine,36,2 Schurz Junction,PO Box 6985,Columbus,43204,fvallintine7x@vinaora.com,6143071626
287,Kalle,Muncey,5,6313 Loomis Point,PO Box 99684,San Jose,95173,kmuncey7y@a8.net,4082281876
288,Charmine,Pestridge,1,18 Londonderry Parkway,,Birmingham,35244,cpestridge7z@paginegialle.it,2052125798
289,Kala,O'Lennachain,17,91013 Debs Pass,Apt 1114,Shawnee Mission,66286,kolennachain80@yellowbook.com,9135800745
290,Gelya,Matuskiewicz,21,0 Ronald Regan Trail,Suite 47,Baltimore,21229,gmatuskiewicz81@xrea.com,4434616615
291,Selig,Batchelder,14,1860 Dovetail Trail,,Peoria,61656,sbatchelder82@51.la,3092735444
292,Culley,Hubbock,5,335 Artisan Avenue,PO Box 37954,San Diego,92121,chubbock83@boston.com,8584771203
293,Findlay,Stempe,19,3 Anthes Point,,Lafayette,70505,fstempe84@rambler.ru,3378578908
294,Winny,Filippello,10,6 Briar Crest Street,,Orlando,32885,wfilippello85@uiuc.edu,4079057409
295,Sheffie,Skepper,15,46153 Stuart Way,,Lafayette,47905,sskepper86@cdc.gov,7651672977
296,Tore,Dunderdale,39,4 Westridge Point,,Philadelphia,19136,tdunderdale87@i2i.jp,2671630384
297,Artus,Skeleton,50,6 Kings Drive,,Milwaukee,53263,askeleton88@istockphoto.com,4149630824
298,Wesley,Slimmon,47,1278 Banding Road,,Norfolk,23520,wslimmon89@e-recht24.de,7572991412
299,Ettie,Attenburrow,44,2 Delladonna Drive,,Dallas,75221,eattenburrow8a@yale.edu,9723839394
300,Tod,Dalliwater,19,32300 Ilene Hill,,Shreveport,71115,tdalliwater8b@youtube.com,3187733574
301,Deny,Walby,7,16 Pond Plaza,,Hartford,06120,dwalby8c@mlb.com,8603272748
302,Milton,Manthorpe,9,015 Lyons Court,,Washington,20566,mmanthorpe8d@epa.gov,2023106288
303,Hastings,Haselgrove,47,04 Nancy Terrace,Suite 58,Virginia Beach,23459,hhaselgrove8e@ycombinator.com,7578502689
304,Ray,Spragg,9,5141 School Trail,Suite 68,Washington,20370,rspragg8f@yellowpages.com,2024571128
305,Toinette,Alesi,39,2 Helena Hill,,Reading,19610,talesi8g@storify.com,4846950278
306,Kirbie,Seneschal,33,19874 Dovetail Court,,Rochester,14614,kseneschal8h@techcrunch.com,3156720054
307,Aprilette,Voak,48,855 Mockingbird Plaza,PO Box 83148,Seattle,98148,avoak8i@mozilla.org,2061655228
308,Ricki,Baffin,41,7500 Lyons Way,,Greenville,29615,rbaffin8j@mail.ru,8643733549
309,Alli,Pomery,14,8186 Cambridge Center,,Chicago,60614,apomery8k@nhs.uk,7737815104
310,Sydelle,Rothon,44,98 Arrowood Point,,Irving,75062,srothon8l@phoca.cz,4692500579
311,Scott,Campey,28,2 Upham Point,,Omaha,68110,scampey8m@cbsnews.com,4026436511
312,Isadora,Frotton,16,45 Village Circle,Suite 41,Des Moines,50330,ifrotton8n@elegantthemes.com,5151944925
313,Saul,Durtnall,11,05 Golf Street,,Atlanta,30306,sdurtnall8o@seattletimes.com,7702455804
314,Crawford,Glassard,47,9 Manitowish Junction,Apt 1261,Richmond,23237,cglassard8p@yellowbook.com,8044549893
315,Cirillo,Allenson,10,1242 Briar Crest Plaza,5th Floor,Tallahassee,32309,callenson8q@twitter.com,8502693431
316,Chev,Anthoine,33,4452 Division Park,Suite 83,Syracuse,13205,canthoine8r@sbwire.com,3153681955
317,Kellie,Chalcroft,16,04 Pennsylvania Way,PO Box 4559,Cedar Rapids,52410,kchalcroft8s@blog.com,3196914530
318,Reade,Mollindinia,29,68912 Garrison Parkway,PO Box 44813,North Las Vegas,89036,rmollindinia8t@thetimes.co.uk,7022305603
319,Nissie,Reinisch,47,3 Dapin Point,,Sterling,20167,nreinisch8u@skyrock.com,5716942076
320,Abbye,Robjant,26,05742 Mitchell Plaza,,Saint Louis,63196,arobjant8v@irs.gov,3144082397
321,Therese,Bellin,44,0338 Jay Avenue,PO Box 76070,Dallas,75216,tbellin8w@w3.org,4692152790
322,Daisie,Reinbeck,10,35246 Lillian Junction,Room 2000,Tampa,33680,dreinbeck8x@wikimedia.org,8134659300
323,Antons,Perel,44,2 Myrtle Point,,El Paso,79955,aperel8y@apple.com,9155326434
324,Gwenneth,Tolchar,5,5760 Bellgrove Crossing,PO Box 31835,Stockton,95205,gtolchar8z@yolasite.com,2097543407
325,Purcell,Bentote,33,6 Pond Place,Apt 584,New York City,10090,pbentote90@cyberchimps.com,2126163943
326,Brice,Critchard,44,28 Sloan Circle,Room 659,Beaumont,77713,bcritchard91@edublogs.org,4097968344
327,Danita,Sherwin,47,5514 Utah Point,Apt 1203,Portsmouth,23705,dsherwin92@nature.com,7573266278
328,Eugenius,Gainsburgh,49,07639 Grover Park,,Charleston,25321,egainsburgh93@xrea.com,3048086212
329,Pearl,Brezlaw,19,801 Tomscot Drive,,New Orleans,70183,pbrezlaw94@jigsy.com,5048914300
330,Murdock,Moorfield,6,52 Bashford Way,,Denver,80255,mmoorfield95@cdbaby.com,7202333447
331,Wini,Kopec,26,45440 Lake View Plaza,9th Floor,Saint Louis,63169,wkopec96@blogger.com,3142464190
332,Ceil,Kenwood,21,8 Petterle Terrace,Apt 1285,Baltimore,21290,ckenwood97@clickbank.net,4106005465
333,Carolee,Teresi,47,92992 Dwight Crossing,PO Box 54032,Charlottesville,22903,cteresi98@thetimes.co.uk,4348049702
334,Abel,Colcomb,43,6160 Sunbrook Junction,Apt 1702,Chattanooga,37450,acolcomb99@yelp.com,4239981468
335,Hildegarde,Ties,26,9284 Jenifer Park,Suite 55,Jefferson City,65105,hties9a@gov.uk,5736744643
336,Gav,Tarney,5,0582 Blue Bill Park Circle,PO Box 65726,North Hollywood,91606,gtarney9b@mozilla.com,8189847658
337,Latashia,Bestman,3,83 Morning Plaza,PO Box 28992,Phoenix,85045,lbestman9c@sogou.com,6023171829
338,Timothy,Shinner,44,1 Northfield Street,Suite 11,Katy,77493,tshinner9d@zimbio.com,8326272253
339,Carlene,Osgardby,44,45985 Ilene Avenue,,Houston,77025,cosgardby9e@craigslist.org,2814761977
340,Leeann,Tokley,36,32 Mesta Street,PO Box 11028,Cleveland,44185,ltokley9f@ft.com,2161294628
341,Ricky,McAlroy,44,5427 Sutherland Alley,Room 1426,Fort Worth,76105,rmcalroy9g@over-blog.com,6829415723
342,Lenee,Crone,29,4981 Scofield Road,Suite 69,Reno,89519,lcrone9h@youtu.be,7758726002
343,Barris,Clouter,10,882 Pepper Wood Alley,Suite 35,West Palm Beach,33411,bclouter9i@globo.com,5617544832
344,Saundra,Grassick,10,475 Dovetail Way,,Largo,33777,sgrassick9j@shareasale.com,7273567956
345,Beverie,Gallahar,5,7 David Lane,12th Floor,Pasadena,91186,bgallahar9k@hostgator.com,6265003288
346,Fidole,Lascell,30,750 Mifflin Lane,19th Floor,Manchester,03105,flascell9l@acquirethisname.com,6034975598
347,Emili,Duncanson,26,3118 Utah Drive,,Kansas City,64144,eduncanson9m@wordpress.com,8163045733
348,Allina,Saich,44,742 Marquette Street,,Corpus Christi,78415,asaich9n@google.fr,3618844313
349,Benedetto,MacClancey,29,97 Hayes Park,Room 102,Sparks,89436,bmacclancey9o@gizmodo.com,7759398290
350,Madge,Shallcrass,17,157 Norway Maple Lane,Suite 52,Shawnee Mission,66210,mshallcrass9p@yelp.com,8165664587
351,Murry,Beagley,44,649 Burrows Circle,PO Box 53625,Dallas,75367,mbeagley9q@paginegialle.it,2148469587
352,Kathryn,Gerauld,23,040 Crest Line Crossing,Suite 91,Midland,48670,kgerauld9r@hostgator.com,9894439854
353,Donny,Joscelin,47,38756 Mifflin Road,,Virginia Beach,23471,djoscelin9s@canalblog.com,7578979368
354,Camella,Lease,31,2 Birchwood Drive,Apt 25,Trenton,08619,clease9t@g.co,6092822771
355,Michel,Pentelo,11,7 Morrow Parkway,,Decatur,30089,mpentelo9u@bing.com,4047694552
356,Marisa,Kiley,19,6 Heffernan Pass,,Baton Rouge,70815,mkiley9v@homestead.com,2256916439
357,Moll,Champness,43,56418 Briar Crest Pass,PO Box 39778,Jackson,38308,mchampness9w@weather.com,7315424186
358,Drucy,Fosbraey,19,47946 Scofield Street,Suite 85,New Orleans,70183,dfosbraey9x@phoca.cz,5044885051
359,Johnath,Leman,33,6068 Portage Park,Room 1939,Brooklyn,11205,jleman9y@edublogs.org,7184059750
360,Immanuel,Charnley,44,71583 La Follette Plaza,10th Floor,Austin,78754,icharnley9z@plala.or.jp,5123358325
361,Arlyne,Flegg,39,72 Caliangt Way,Apt 1590,Wilkes Barre,18763,aflegga0@hostgator.com,5703606257
362,Gabi,Biggen,44,89 Autumn Leaf Center,,Corpus Christi,78410,gbiggena1@psu.edu,3617694817
363,Ramon,Browne,33,0286 Union Alley,PO Box 62054,Rochester,14609,rbrownea2@bing.com,5858821680
364,Eleanora,Boler,5,4498 Ohio Terrace,,Los Angeles,90060,ebolera3@bigcartel.com,3232247623
365,Nathalie,Ackeroyd,31,16 Bluestem Junction,Suite 41,Trenton,08603,nackeroyda4@fema.gov,6095537572
366,Nelly,De Caville,32,47 Nobel Lane,PO Box 26328,Albuquerque,87201,ndecavillea5@weebly.com,5053296241
367,Ripley,Myhan,15,5139 Talmadge Court,Suite 1,Evansville,47747,rmyhana6@bbb.org,8125615957
368,Ronnie,Piris,43,257 Schiller Parkway,Room 211,Nashville,37245,rpirisa7@tinypic.com,6151067891
369,Goldarina,Dunston,47,81 Sullivan Point,Suite 34,Richmond,23213,gdunstona8@imageshack.us,8042401214
370,Dolores,Rowntree,29,05101 Forest Junction,19th Floor,Las Vegas,89178,drowntreea9@symantec.com,7027067223
371,Val,Greeve,37,8 Blackbird Junction,Room 242,Norman,73071,vgreeveaa@canalblog.com,4059548525
372,Rozelle,Splevings,11,41374 Waubesa Center,Apt 1244,Atlanta,30380,rsplevingsab@dedecms.com,4049613953
373,Fianna,Mustchin,44,0 Springview Point,Apt 383,Texarkana,75507,fmustchinac@walmart.com,9031897882
374,Adam,Longfellow,28,6776 Lakewood Gardens Pass,Room 959,Lincoln,68517,alongfellowad@sina.com.cn,4021515731
375,Loralyn,Veitch,47,4964 Nelson Avenue,9th Floor,Newport News,23605,lveitchae@twitter.com,7579561106
376,Wilbert,Allman,47,3758 West Avenue,Suite 79,Richmond,23260,wallmanaf@miibeian.gov.cn,8048504012
377,Roth,Santo,26,47316 Stephen Terrace,Room 567,Kansas City,64101,rsantoag@netscape.com,8162960527
378,Tybi,Harold,44,7 Eggendart Avenue,,Dallas,75358,tharoldah@cmu.edu,2144620208
379,Ardine,Castells,23,22 Dawn Center,Apt 1598,Grand Rapids,49560,acastellsai@house.gov,6166884112
380,Guthrie,Fawdry,10,564 Eliot Crossing,Room 547,Zephyrhills,33543,gfawdryaj@wikia.com,8132378314
381,Lonnie,Bircher,5,09 Bonner Trail,Room 1567,Los Angeles,90030,lbircherak@netvibes.com,2133487897
382,Warden,Devonside,26,69 Summit Lane,Suite 87,Kansas City,64190,wdevonsideal@nyu.edu,8161114317
383,Merilee,Fattore,39,831 Moland Drive,Room 625,Johnstown,15906,mfattoream@goo.ne.jp,8146290060
384,Shanan,Yerborn,5,82 Brown Hill,Suite 7,Santa Barbara,93150,syerbornan@shutterfly.com,8056672096
385,De,Cadman,7,765 Pond Terrace,,Hartford,06145,dcadmanao@scribd.com,8604942659
386,Liz,Doward,23,22 Lotheville Drive,,Detroit,48275,ldowardap@mail.ru,3132159597
387,Melvin,Lavender,43,6686 Lighthouse Bay Trail,,Memphis,38114,mlavenderaq@slashdot.org,9017550816
388,Emily,Sooley,48,7 Starling Place,PO Box 76226,Bellevue,98008,esooleyar@amazon.co.jp,4253869557
389,Jeanne,Tillard,44,27632 Morning Circle,,San Antonio,78220,jtillardas@chicagotribune.com,2107306959
390,Silvanus,McKinney,44,905 Comanche Pass,Apt 147,Amarillo,79159,smckinneyat@utexas.edu,8062393945
391,Gayle,Atyeo,36,33281 Rockefeller Terrace,,Dayton,45440,gatyeoau@scientificamerican.com,9375854395
392,Norine,Hugueville,18,4274 Lillian Road,10th Floor,Frankfort,40618,nhuguevilleav@stanford.edu,5026686082
393,Carina,Planke,36,6671 Lunder Alley,Apt 7,Cincinnati,45243,cplankeaw@theguardian.com,5134002959
394,Cammy,Diable,14,46 Independence Center,Room 854,Chicago,60663,cdiableax@blogspot.com,3125967788
395,Aurelea,Gotthard.sf,10,03 4th Court,Room 839,Miami,33283,agotthardsfay@umn.edu,3057487173
396,Joannes,Minucci,39,87 Porter Road,6th Floor,Pittsburgh,15286,jminucciaz@prweb.com,4128240915
397,Livvy,Clackers,44,64 Steensland Circle,,San Antonio,78250,lclackersb0@ibm.com,2106742428
398,Farand,Faivre,5,2 Truax Trail,PO Box 59219,Anaheim,92825,ffaivreb1@mapy.cz,7144105488
399,Mark,Kilbee,44,9310 Goodland Parkway,18th Floor,Midland,79710,mkilbeeb2@ehow.com,4321397208
400,Carrie,Cleevely,34,28766 Namekagon Trail,19th Floor,Durham,27717,ccleevelyb3@tumblr.com,9191212790
401,Nollie,Karlolak,10,856 Warbler Pass,,Naples,33963,nkarlolakb4@about.com,2397453504
402,Cass,Whalebelly,33,9 4th Pass,,New York City,10079,cwhalebellyb5@tripod.com,2128619355
403,Catharina,Penton,6,0 8th Point,Room 1915,Colorado Springs,80920,cpentonb6@techcrunch.com,7198944512
404,Orson,Belsey,44,486 Lake View Alley,Room 923,El Paso,88584,obelseyb7@tripadvisor.com,9153921896
405,Erin,Whorall,26,45 Spohn Road,Suite 77,Lees Summit,64082,ewhorallb8@biblegateway.com,8163859457
406,Muffin,Kibbee,5,7985 Portage Way,Apt 653,San Francisco,94116,mkibbeeb9@time.com,4151421521
407,Jehanna,Beamond,3,238 Buell Road,19th Floor,Phoenix,85025,jbeamondba@discuz.net,6232896890
408,Sara-ann,Gentry,19,400 Pearson Court,4th Floor,Metairie,70005,sgentrybb@salon.com,5048500827
409,Marlon,Aimer,15,727 Arizona Pass,Apt 1768,Indianapolis,46239,maimerbc@ft.com,3175998685
410,Katharyn,Bartaloni,5,1933 Scott Crossing,14th Floor,Pasadena,91125,kbartalonibd@digg.com,6262620192
411,Jacquenetta,Jeanesson,48,16188 Golf Avenue,,Tacoma,98447,jjeanessonbe@cargocollective.com,2531600563
412,Claire,de Villier,5,27531 Marcy Drive,Suite 29,San Diego,92165,cdevillierbf@marriott.com,6197211648
413,Desi,Espinazo,19,37 Farmco Avenue,,Baton Rouge,70883,despinazobg@jalbum.net,2259451867
414,Marleah,Shelf,33,296 Oak Pass,,Buffalo,14269,mshelfbh@1und1.de,7167145655
415,Bran,Eckley,39,02 Ilene Center,PO Box 65735,Allentown,18105,beckleybi@businessinsider.com,6101179127
416,Terri,Kalderon,4,3436 Sunbrook Way,Apt 111,Little Rock,72215,tkalderonbj@rediff.com,5015449473
417,Farrell,Camus,29,35 Prentice Street,PO Box 42694,Las Vegas,89140,fcamusbk@dagondesign.com,7023263731
418,Raoul,Lownie,44,50055 Maple Wood Pass,Suite 100,Houston,77035,rlowniebl@gravatar.com,2811415247
419,Kenn,Robard,34,962 Mandrake Center,,Raleigh,27635,krobardbm@issuu.com,9198735962
420,Jaine,Wassung,5,9956 Marcy Terrace,Suite 85,Inglewood,90398,jwassungbn@stumbleupon.com,3105837598
421,Eadmund,Logan,44,79 Elmside Hill,PO Box 64635,Huntsville,77343,eloganbo@guardian.co.uk,9364375035
422,Roselin,Proschke,5,66 Sommers Crossing,,Fresno,93721,rproschkebp@earthlink.net,5592168887
423,Joachim,Lamplugh,36,63 Farmco Plaza,,Cincinnati,45208,jlamplughbq@wix.com,5139343346
424,Dewie,Chadburn,28,6633 Duke Lane,Apt 579,Omaha,68164,dchadburnbr@infoseek.co.jp,4026801481
425,Marleah,Treske,44,87797 Chive Drive,Room 205,El Paso,79955,mtreskebs@cam.ac.uk,9158801498
426,Correna,Yurkov,27,8530 Maryland Terrace,,Missoula,59806,cyurkovbt@gov.uk,4062514501
427,Feodora,Millen,36,813 Moland Parkway,5th Floor,Cincinnati,45999,fmillenbu@goo.gl,5131771703
428,Stillman,Bastock,34,9840 Reinke Avenue,16th Floor,Durham,27705,sbastockbv@sbwire.com,9198111230
429,Dalis,Muscroft,5,973 Tennessee Hill,,Inglewood,90310,dmuscroftbw@bigcartel.com,3109693720
430,Willie,Jeanesson,14,44 Merry Street,PO Box 45689,Chicago,60614,wjeanessonbx@google.com.au,7731016762
431,Sanford,Overil,17,7918 Eagan Court,Suite 49,Topeka,66617,soverilby@shop-pro.jp,7852841089
432,Levin,Halcro,44,24310 Heath Parkway,,Dallas,75310,lhalcrobz@bloglines.com,2147571814
433,Kissiah,Laurenzi,10,4343 Fair Oaks Pass,PO Box 21828,Pensacola,32520,klaurenzic0@theglobeandmail.com,8509694207
434,Nikoletta,Sircombe,37,128 Dawn Road,Suite 36,Tulsa,74108,nsircombec1@naver.com,9181823088
435,Geoff,Brownhill,10,82344 Valley Edge Drive,,Lehigh Acres,33972,gbrownhillc2@jugem.jp,8639223854
436,Ewan,Shwalbe,39,5 Crescent Oaks Junction,,Valley Forge,19495,eshwalbec3@fc2.com,4841475667
437,Missie,Gallier,43,479 Warrior Pass,,Knoxville,37931,mgallierc4@paginegialle.it,8651996129
438,Maxine,Abazi,11,865 Manitowish Point,,Atlanta,30375,mabazic5@ca.gov,4042291649
439,Shena,Tallow,15,1537 Linden Plaza,PO Box 43143,Indianapolis,46202,stallowc6@skype.com,7651140415
440,Koren,MacKintosh,21,11297 Sage Place,,Baltimore,21203,kmackintoshc7@tinypic.com,4103135524
441,Hilario,Leeves,44,7487 Swallow Drive,7th Floor,Tyler,75799,hleevesc8@facebook.com,9039093955
442,Robinett,Keel,1,17910 Burning Wood Avenue,Suite 14,Birmingham,35290,rkeelc9@skyrock.com,2051058742
443,Alberto,Highton,5,85 Maple Wood Park,Apt 566,Torrance,90505,ahightonca@whitehouse.gov,3102897631
444,Rutledge,Martyns,1,6 Lyons Lane,,Montgomery,36125,rmartynscb@barnesandnoble.com,3345872016
445,Virgilio,Hallsworth,29,52 Iowa Hill,,Las Vegas,89155,vhallsworthcc@wsj.com,7029167803
446,Michele,Effemy,9,08284 Pepper Wood Pass,,Washington,20220,meffemycd@sitemeter.com,2023518262
447,Wilfrid,Geoghegan,33,430 Prentice Drive,Room 156,White Plains,10633,wgeoghegance@nasa.gov,9147130660
448,Othilia,Brittin,25,82 Arkansas Parkway,,Columbus,39705,obrittincf@tiny.cc,6623291414
449,Che,Gouthier,11,62 Jay Hill,1st Floor,Macon,31205,cgouthiercg@reddit.com,4787343034
450,Gabriellia,Kirkness,48,32786 Dapin Avenue,Apt 1009,Seattle,98121,gkirknessch@gnu.org,3604983565
451,Brana,Gilcrist,34,8 Fuller Court,PO Box 59649,Winston Salem,27110,bgilcristci@so-net.ne.jp,3366356399
452,Roland,Mowsdill,1,41207 Armistice Parkway,Apt 1994,Mobile,36689,rmowsdillcj@facebook.com,2512794258
453,Barrie,Merigeau,44,41 Eastwood Pass,Room 1018,Dallas,75246,bmerigeauck@ifeng.com,2148268685
454,Cathe,Aleksic,10,4 Lawn Park,15th Floor,Panama City,32405,caleksiccl@twitpic.com,8502822820
455,Butch,Arling,47,9 Corry Pass,PO Box 90740,Falls Church,22047,barlingcm@state.tx.us,5716139623
456,Bekki,Shulver,9,3 Cordelia Way,Apt 1211,Washington,20041,bshulvercn@usda.gov,7039410089
457,Kassi,Ord,47,371 Crowley Center,Apt 1783,Arlington,22205,kordco@jugem.jp,5717369071
458,Florrie,Saxon,33,6 Aberg Point,Suite 72,New York City,10275,fsaxoncp@sun.com,2121267845
459,Niall,Westlake,33,3974 American Ash Circle,,Albany,12247,nwestlakecq@redcross.org,5184767060
460,April,Konzelmann,31,91 Ramsey Crossing,Suite 46,Newark,07195,akonzelmanncr@deliciousdays.com,8625622736
461,Abe,Menel,47,83 West Circle,Room 1719,Alexandria,22309,amenelcs@t-online.de,7038960964
462,Chuck,Bampkin,47,8971 Magdeline Parkway,,Roanoke,24034,cbampkinct@topsy.com,5408191982
463,Byrann,Epilet,44,82742 Rieder Center,,Austin,78764,bepiletcu@toplist.cz,5127621087
464,Morgan,Kinnen,5,9 Elka Lane,PO Box 2393,Fresno,93726,mkinnencv@tuttocitta.it,2096607981
465,Marlowe,Lindsay,19,71623 Carioca Terrace,,Lafayette,70505,mlindsaycw@flavors.me,3372475101
466,Sissy,Tremblet,22,6417 Jenifer Drive,Apt 1651,Brockton,02305,strembletcx@independent.co.uk,5089843776
467,Cacilia,Iwanowicz,10,66017 Lake View Avenue,,West Palm Beach,33421,ciwanowiczcy@naver.com,5615781213
468,Georgena,Shimmans,5,18 Cordelia Plaza,PO Box 8925,Los Angeles,90076,gshimmanscz@amazon.com,3238223703
469,Sheree,Martinyuk,29,3 Autumn Leaf Plaza,,Las Vegas,89178,smartinyukd0@apache.org,7028887853
470,Nan,Huriche,34,1 Northport Drive,Suite 16,Charlotte,28284,nhuriched1@facebook.com,7041003037
471,Tobey,Sedgemond,5,87750 Pine View Plaza,Room 372,San Jose,95150,tsedgemondd2@privacy.gov.au,4081275961
472,Helga,McKelvey,44,79230 Commercial Plaza,,Houston,77020,hmckelveyd3@yellowpages.com,2813378864
473,Phylys,Willment,10,806 Red Cloud Lane,Suite 8,West Palm Beach,33405,pwillmentd4@devhub.com,7725233152
474,Elnore,Wardle,5,39 Eagan Way,Suite 32,Carlsbad,92013,ewardled5@nydailynews.com,7602467352
475,Patton,Impey,44,99 Sutherland Court,PO Box 52511,Midland,79705,pimpeyd6@narod.ru,4322908761
476,Sanson,Matuszynski,17,4 Dovetail Circle,6th Floor,Kansas City,66160,smatuszynskid7@squarespace.com,9138422894
477,Gwenni,Leynham,5,831 Little Fleur Drive,,Garden Grove,92844,gleynhamd8@indiatimes.com,7143030929
478,Judas,Uglow,47,6262 Gulseth Street,PO Box 4624,Roanoke,24020,juglowd9@economist.com,5407727187
479,Boyce,Berdale,35,75362 Brickson Park Street,16th Floor,Fargo,58106,bberdaleda@biblegateway.com,7013916233
480,Swen,Syddon,44,3 Mifflin Point,Room 1369,Bryan,77806,ssyddondb@istockphoto.com,9797929618
481,Ruthie,O'Canavan,5,3602 Mayer Trail,,Escondido,92030,rocanavandc@mozilla.com,7603490542
482,Farrel,Ellyatt,17,4 Hayes Park,,Kansas City,66105,fellyattdd@sciencedaily.com,9134054693
483,Ellerey,Springett,23,18 Lyons Place,Apt 1565,Grand Rapids,49518,espringettde@nationalgeographic.com,6167256861
484,Selinda,MacCahee,36,8 Holy Cross Terrace,12th Floor,Canton,44720,smaccaheedf@privacy.gov.au,2347533553
485,Maurine,Kupec,5,36 Crescent Oaks Way,Apt 117,Fullerton,92835,mkupecdg@arizona.edu,7147619396
486,Micaela,Hugenin,30,3 Butterfield Trail,,Portsmouth,03804,mhugenindh@360.cn,6039436190
487,Tracey,Ladel,19,3947 Vahlen Plaza,,Metairie,70005,tladeldi@cnbc.com,5046780044
488,Judie,Cuzen,1,72 Anzinger Crossing,Apt 1906,Birmingham,35285,jcuzendj@t.co,2058684981
489,Kingsly,Ashington,41,4 Eliot Park,Apt 1507,Charleston,29403,kashingtondk@amazonaws.com,8435275920
490,Benni,Doucette,44,5913 Dayton Court,Apt 226,Plano,75074,bdoucettedl@nih.gov,9725172075
491,Savina,Vakhlov,31,940 Mitchell Street,Room 1927,Elizabeth,07208,svakhlovdm@unesco.org,9084117039
492,Goldy,Conkay,4,05043 Acker Crossing,Apt 541,Fort Smith,72916,gconkaydn@ycombinator.com,4793245857
493,Shurlocke,Khoter,44,3 Thierer Trail,,Houston,77015,skhoterdo@cargocollective.com,2819975600
494,Karlee,Hare,44,741 Briar Crest Park,Room 1586,Dallas,75241,kharedp@angelfire.com,9723023053
495,Gene,Gunthorp,1,2962 Grayhawk Way,,Montgomery,36119,ggunthorpdq@squarespace.com,3345053311
496,Seamus,Syddon,34,15954 Rockefeller Way,Suite 81,Greensboro,27409,ssyddondr@squarespace.com,3365469682
497,Theodora,Pead,11,835 5th Crossing,,Duluth,30195,tpeadds@latimes.com,7703776772
498,Arabel,Batalini,33,8949 Spohn Way,,Staten Island,10310,abatalinidt@dell.com,7183675841
499,Svend,Spittle,10,6 Sauthoff Street,,Saint Petersburg,33710,sspittledu@geocities.com,7271694366
500,Anton,Lambin,32,06 Red Cloud Road,,Albuquerque,87195,alambindv@domainmarket.com,5051791938
501,Bil,Beardon,44,4278 Dayton Pass,Apt 1139,San Antonio,78235,bbeardondw@biblegateway.com,2104100215
502,Averil,Burdoun,33,5 Anzinger Center,15th Floor,Brooklyn,11210,aburdoundx@qq.com,3475052814
503,Erroll,Griffen,6,1 Talmadge Court,,Denver,80209,egriffendy@ameblo.jp,7193545304
504,Mallory,Mathwen,23,99 South Drive,,Lansing,48930,mmathwendz@clickbank.net,5176059058
505,Jsandye,Abrahamsen,44,90503 Scoville Pass,PO Box 15568,Texarkana,75507,jabrahamsene0@tumblr.com,9038385647
506,Darnall,Hydes,16,2139 3rd Terrace,Room 587,Des Moines,50330,dhydese1@jigsy.com,5152601894
507,Roxy,McEnhill,3,724 Carey Avenue,,Gilbert,85297,rmcenhille2@ibm.com,6027273933
508,Quincey,Gouldsmith,39,30 Hintze Road,Suite 26,Philadelphia,19172,qgouldsmithe3@wordpress.com,2153444007
509,Xena,Jarry,44,05096 Sachs Street,,El Paso,79989,xjarrye4@gravatar.com,9152226240
510,Karna,Huddart,15,62 Monument Drive,Apt 460,South Bend,46614,khuddarte5@163.com,5745330456
511,Ewen,Rosenthaler,24,9132 Dorton Alley,,Young America,55573,erosenthalere6@princeton.edu,9528211303
512,Huntley,Emeney,43,280 Muir Pass,18th Floor,Nashville,37205,hemeneye7@skyrock.com,6154284020
513,Roselin,Swateridge,5,63 Pierstorff Alley,Suite 13,Visalia,93291,rswateridgee8@go.com,5598175146
514,Balduin,Brun,48,11 Nelson Plaza,,Tacoma,98424,bbrune9@usa.gov,2535310542
515,Humphrey,Ballchin,9,350 Tennyson Junction,Apt 1623,Washington,20337,hballchinea@ucoz.ru,2024137298
516,Corry,Lonergan,37,808 Forster Crossing,,Oklahoma City,73124,clonerganeb@people.com.cn,4059918765
517,Pierce,Hyrons,21,57 Monica Point,Apt 1228,Baltimore,21281,phyronsec@businessinsider.com,4105202807
518,Cayla,Trouel,5,3272 Mallard Place,PO Box 60013,San Jose,95108,ctroueled@sbwire.com,4087108854
519,Helenelizabeth,Lacroix,24,1376 Mccormick Court,,Saint Paul,55108,hlacroixee@multiply.com,6128957244
520,Kincaid,Sloy,21,61202 Garrison Crossing,Suite 50,Annapolis,21405,ksloyef@newyorker.com,3018159239
521,Ximenes,Wolfarth,43,5299 Grim Drive,,Memphis,38168,xwolfartheg@sourceforge.net,9016385945
522,Jacenta,Kemball,10,331 Clemons Junction,12th Floor,Miami,33158,jkemballeh@spotify.com,3051772259
523,Bruce,Menichino,14,030 Service Pass,,Chicago,60624,bmenichinoei@alibaba.com,7737701994
524,Eugene,Brusle,18,84028 Ridgeview Park,,Louisville,40210,ebrusleej@loc.gov,5027061868
525,Shem,Tuxell,39,3459 Ruskin Place,,Pittsburgh,15235,stuxellek@reverbnation.com,4122556430
526,Winny,Skade,44,00 Scofield Street,Room 158,El Paso,79911,wskadeel@smh.com.au,9156795149
527,Maxy,Kloss,47,21511 Prairieview Terrace,Suite 87,Richmond,23272,mklossem@sakura.ne.jp,8049210472
528,Tades,Iwanowski,44,9 Hollow Ridge Lane,PO Box 65221,Dallas,75353,tiwanowskien@typepad.com,2147049389
529,Dewain,Pirdy,10,251 Morningstar Park,Suite 18,Jacksonville,32259,dpirdyeo@smh.com.au,9044226667
530,Piotr,Toffanini,49,36320 Vahlen Avenue,Apt 1075,Charleston,25336,ptoffaniniep@i2i.jp,3043088850
531,Elisabeth,Boarleyson,10,90536 Eagle Crest Circle,,Miami,33142,eboarleysoneq@theatlantic.com,3055608405
532,Sonya,Geraudel,11,7341 Bartillon Street,,Marietta,30061,sgeraudeler@globo.com,7706997593
533,Erskine,Rablin,44,30 Mendota Park,6th Floor,El Paso,88553,erablines@unc.edu,9153154937
534,Joanne,Bickerdyke,18,3 Crownhardt Lane,PO Box 39137,Lexington,40576,jbickerdykeet@tumblr.com,8596815092
535,Hedy,Hurdwell,44,104 Spaight Drive,,Garland,75044,hhurdwelleu@pcworld.com,4692658749
536,Gradey,Whistlecraft,10,7 Mockingbird Park,Apt 1027,Tampa,33633,gwhistlecraftev@digg.com,8135612487
537,Hatty,Morden,44,1433 Truax Pass,Apt 1300,El Paso,79994,hmordenew@sohu.com,9152320615
538,Geordie,Goodlake,44,97 Kinsman Road,Room 1063,Amarillo,79176,ggoodlakeex@blogtalkradio.com,8065286345
539,Winfield,Issitt,47,57303 Clarendon Way,Room 657,Virginia Beach,23454,wissittey@mtv.com,7572957736
540,Idaline,Daish,5,7234 Green Ridge Court,PO Box 1868,San Jose,95150,idaishez@samsung.com,4086500440
541,Conroy,Yglesia,11,609 Amoth Pass,,Atlanta,30343,cyglesiaf0@printfriendly.com,4042578126
542,Kinsley,Streatley,48,2 Shopko Terrace,3rd Floor,Spokane,99215,kstreatleyf1@mashable.com,5097997935
543,Andrey,Youson,11,00283 Waubesa Terrace,1st Floor,Atlanta,30380,ayousonf2@oaic.gov.au,4049287506
544,Patrizio,Leggat,14,37 Spaight Parkway,Suite 70,Chicago,60636,pleggatf3@tripod.com,7733830369
545,Marget,Matveyev,44,5291 Homewood Plaza,PO Box 2988,Fort Worth,76198,mmatveyevf4@nationalgeographic.com,6823496140
546,Sigrid,Biaggetti,3,11915 Grasskamp Parkway,PO Box 7091,Phoenix,85099,sbiaggettif5@comsenz.com,6029284122
547,Niels,Senyard,33,250 Fallview Lane,Apt 620,Syracuse,13205,nsenyardf6@slashdot.org,3158228153
548,Bruno,Dain,50,85051 Duke Junction,Apt 1956,Green Bay,54305,bdainf7@yellowpages.com,9206868552
549,Guinna,Boyson,24,85300 Thompson Place,,Young America,55564,gboysonf8@goo.ne.jp,9527516085
550,Che,Ashman,22,1 Anzinger Center,,Boston,02114,cashmanf9@howstuffworks.com,6175055774
551,Grethel,Mathieu,44,0 Maywood Street,PO Box 84098,Dallas,75205,gmathieufa@jiathis.com,2147113094
552,Mikael,Quadri,5,216 Havey Center,Suite 28,San Francisco,94126,mquadrifb@cnn.com,4151649244
553,Phil,Seager,5,9407 Cody Street,Apt 1336,San Jose,95113,pseagerfc@fema.gov,6501359514
554,Lauren,Scola,44,0 Continental Hill,,San Antonio,78205,lscolafd@nih.gov,2108281777
555,Kile,Morstatt,30,22420 High Crossing Crossing,19th Floor,Manchester,03105,kmorstattfe@adobe.com,6031020775
556,Haze,Karpychev,5,02464 Coolidge Park,,Corona,92883,hkarpychevff@mediafire.com,9511294069
557,Kenny,Rizzardini,1,5526 Redwing Terrace,10th Floor,Anniston,36205,krizzardinifg@foxnews.com,2568310082
558,Price,Yearnsley,47,70488 Corben Hill,,Reston,22096,pyearnsleyfh@blogspot.com,5714278539
559,Price,Rollett,1,7557 Prairieview Lane,3rd Floor,Birmingham,35263,prollettfi@usgs.gov,2051163770
560,Jedidiah,Mein,1,7864 Delaware Avenue,,Huntsville,35810,jmeinfj@exblog.jp,2561386980
561,Delano,Fiennes,34,04 Village Parkway,Suite 54,Durham,27710,dfiennesfk@elpais.com,9195760885
562,Ethelbert,Rousby,32,686 Anzinger Road,,Albuquerque,87201,erousbyfl@istockphoto.com,5057569033
563,Kipp,Cuthill,44,889 Wayridge Lane,2nd Floor,Abilene,79699,kcuthillfm@trellian.com,3252393854
564,Angelika,Strangward,41,592 Washington Park,PO Box 90736,Anderson,29625,astrangwardfn@stanford.edu,8642729134
565,Blanch,Prestage,44,93 David Avenue,Room 222,Dallas,75226,bprestagefo@wired.com,4698222160
566,Edita,Whelpdale,34,679 Bartillon Road,,Durham,27705,ewhelpdalefp@alibaba.com,9199930540
567,Roze,Hansen,5,5 Declaration Junction,11th Floor,Los Angeles,90020,rhansenfq@unblog.fr,3233139643
568,Wood,MacKeig,44,7 Scofield Court,PO Box 61516,El Paso,88553,wmackeigfr@ucla.edu,9152957229
569,Lorine,Pentlow,41,56 Tennessee Center,,Columbia,29225,lpentlowfs@tuttocitta.it,8032765161
570,Fielding,Elkington,10,17113 Blaine Court,,Fort Myers,33913,felkingtonft@squarespace.com,2397378374
571,Garek,Andrzejczak,29,751 Buhler Center,,Reno,89550,gandrzejczakfu@marketwatch.com,7759953769
572,Flossy,O'Cannan,5,28 Petterle Place,,San Jose,95150,focannanfv@prweb.com,4089152418
573,Kristien,Beaudry,15,86 Esker Circle,,Fort Wayne,46867,kbeaudryfw@wikipedia.org,2608263276
574,Jillian,Stadden,44,51156 Summerview Plaza,,Fort Worth,76192,jstaddenfx@statcounter.com,6821692103
575,Randell,Simeonov,5,5967 Coleman Lane,PO Box 92940,Sacramento,95852,rsimeonovfy@reference.com,9161936808
576,Ernie,Lodovichi,27,3 Mendota Point,11th Floor,Billings,59105,elodovichifz@nps.gov,4065910804
577,Sanson,Bowie,48,2889 Vermont Place,PO Box 41166,Spokane,99260,sbowieg0@issuu.com,5096096023
578,Yevette,Faircley,33,8 Hallows Place,PO Box 40755,New York City,10160,yfaircleyg1@twitpic.com,2128145248
579,Carmencita,Dehn,3,095 Cody Center,Apt 1366,Mesa,85210,cdehng2@marketwatch.com,4805845223
580,Dorie,Kornilov,3,16 Elmside Hill,,Phoenix,85040,dkornilovg3@xing.com,6021209050
581,Zeke,Pinfold,26,48136 Gerald Park,,Kansas City,64193,zpinfoldg4@wp.com,8169531748
582,Selby,Beningfield,5,5779 Farmco Trail,Room 1446,San Francisco,94177,sbeningfieldg5@wp.com,4152772646
583,Rafaelita,Allan,5,80 Barnett Drive,,South Lake Tahoe,96154,rallang6@biglobe.ne.jp,5301094360
584,Annabal,Langelaan,24,33090 Grover Lane,Suite 39,Saint Paul,55123,alangelaang7@netscape.com,6512908515
585,Pyotr,Frew,14,63929 Walton Way,,Aurora,60505,pfrewg8@toplist.cz,3127992224
586,Agathe,Rannells,17,5 Claremont Alley,Suite 67,Shawnee Mission,66225,arannellsg9@issuu.com,9133094491
587,Tod,Spencook,11,271 Utah Point,,Atlanta,30368,tspencookga@rambler.ru,4048557188
588,Julius,Maingot,9,47 Blackbird Parkway,Apt 863,Washington,20310,jmaingotgb@accuweather.com,2023083894
589,Jeth,Romain,43,51249 Grim Circle,,Nashville,37250,jromaingc@wisc.edu,6156346019
590,Doreen,Vannuccini,7,92 Fairfield Plaza,,Danbury,06816,dvannuccinigd@rediff.com,2034620547
591,Westbrook,Abramof,25,76084 Trailsway Place,Suite 75,Gulfport,39505,wabramofge@t.co,2281079374
592,Vivien,Cure,24,4 Division Crossing,Room 663,Minneapolis,55407,vcuregf@ask.com,9524524616
593,Court,Robrow,47,54755 Glendale Pass,Apt 1137,Reston,20195,crobrowgg@mozilla.com,7034282514
594,Gannon,Kendred,33,205 Graedel Terrace,PO Box 50935,New York City,10203,gkendredgh@soundcloud.com,2124647499
595,Frannie,Paolacci,4,5 Melby Court,5th Floor,Little Rock,72222,fpaolaccigi@nydailynews.com,5015993592
596,Maryellen,Harness,29,04687 Center Way,2nd Floor,Las Vegas,89145,mharnessgj@ted.com,7028936800
597,Roxane,Gravenor,9,081 Mandrake Court,,Washington,20210,rgravenorgk@tiny.cc,2023322947
598,Julie,Jereatt,5,66931 Spenser Lane,,Los Angeles,90030,jjereattgl@si.edu,2132472790
599,George,Kearn,10,51666 Waxwing Circle,,Tampa,33625,gkearngm@ifeng.com,7275619708
600,Shalne,Haberjam,3,8 Jana Junction,PO Box 77087,Tucson,85720,shaberjamgn@msn.com,5206926954
601,Urbain,Coult,44,90 Farmco Road,Apt 1018,El Paso,79928,ucoultgo@spiegel.de,9157608235
602,Lev,Darmody,36,232 Harper Way,Apt 240,Columbus,43215,ldarmodygp@networksolutions.com,6145676852
603,Fredrika,Wathen,44,32 Logan Center,Apt 1495,El Paso,79999,fwathengq@biglobe.ne.jp,9151258314
604,Aluino,Gyngell,39,54 Waywood Plaza,,Philadelphia,19136,agyngellgr@drupal.org,2155537109
605,Reggie,Marshallsay,6,1 Crescent Oaks Lane,,Aurora,80045,rmarshallsaygs@macromedia.com,3031171097
606,Bethina,Hargitt,10,8 Kings Lane,,Lehigh Acres,33972,bhargittgt@devhub.com,8634597991
607,Daryl,Smallridge,26,040 Carioca Lane,,Kansas City,64193,dsmallridgegu@ox.ac.uk,8165838706
608,Alia,Lympany,29,2 Chive Plaza,Room 119,Reno,89519,alympanygv@rakuten.co.jp,7754866770
609,Deidre,Lambe,5,31 Union Drive,,Los Angeles,90015,dlambegw@disqus.com,6261912563
610,Karole,Honack,28,5422 Lakewood Gardens Street,PO Box 45715,Omaha,68179,khonackgx@time.com,4024931673
611,Conway,Tackett,44,12149 Manitowish Court,,El Paso,88535,ctackettgy@nhs.uk,9159014763
612,Devin,Riddick,44,743 Hudson Parkway,,Abilene,79699,driddickgz@wordpress.com,3258975388
613,Aron,Rastall,15,237 Claremont Road,,South Bend,46699,arastallh0@shinystat.com,5746580244
614,Efren,Guitt,10,2337 Mariners Cove Point,Apt 54,Fort Lauderdale,33325,eguitth1@histats.com,9544116865
615,Eldridge,Impy,47,81549 Mitchell Hill,,Fredericksburg,22405,eimpyh2@va.gov,5405739247
616,Ronny,Bilborough,44,5 Johnson Trail,Apt 649,El Paso,79928,rbilboroughh3@un.org,9153700182
617,Marena,Inde,5,892 Waxwing Place,Apt 75,Inglewood,90310,mindeh4@go.com,3102363632
618,Sharona,Taffee,31,8317 Blue Bill Park Junction,,Trenton,08608,staffeeh5@imgur.com,6098066433
619,Rikki,McElory,36,3230 Upham Park,,Dayton,45454,rmceloryh6@histats.com,9371743340
620,Lisbeth,Langworthy,14,1 Lindbergh Center,PO Box 39842,Palatine,60078,llangworthyh7@networkadvertising.org,8478646072
621,Stirling,O' Ronan,31,6 Pepper Wood Terrace,9th Floor,Newark,07188,soronanh8@hc360.com,8624638341
622,Elliott,Aspland,34,28 Katie Lane,,Charlotte,28215,easplandh9@a8.net,7045576479
623,Estel,Staden,3,594 Becker Road,Room 1776,Scottsdale,85255,estadenha@meetup.com,6024538210
624,Thadeus,Frantsev,19,1669 Dennis Trail,,New Orleans,70124,tfrantsevhb@engadget.com,9859677725
625,Leandra,Housiaux,5,26 Melvin Center,4th Floor,Sacramento,95852,lhousiauxhc@salon.com,9165062782
626,Nonah,Ide,43,274 Walton Pass,PO Box 5729,Memphis,38109,nidehd@163.com,9019482562
627,Ingamar,Costain,44,62 Melby Junction,,Arlington,76096,icostainhe@de.vu,2147305380
628,Andy,Furness,32,3269 Sheridan Point,12th Floor,Albuquerque,87110,afurnesshf@nydailynews.com,5059032965
629,Fredi,MacCorkell,44,05 Gateway Center,13th Floor,Abilene,79605,fmaccorkellhg@tamu.edu,3259467113
630,Dell,Durrell,9,44557 Cardinal Lane,19th Floor,Washington,20380,ddurrellhh@chicagotribune.com,2027210000
631,Stephine,MacArthur,29,88 Ronald Regan Point,,Las Vegas,89135,smacarthurhi@cnn.com,7024900377
632,Griselda,Gheeorghie,14,4417 Mandrake Junction,Room 1738,Springfield,62794,ggheeorghiehj@ning.com,2179178621
633,Rozelle,Lemmanbie,5,611 Utah Plaza,Suite 44,Riverside,92519,rlemmanbiehk@alibaba.com,9519869347
634,Alphonso,Pilley,44,3 Clemons Court,Suite 30,San Antonio,78278,apilleyhl@blogspot.com,2106967983
635,Shana,Cavil,10,0631 Surrey Circle,,Pensacola,32511,scavilhm@scientificamerican.com,8508522495
636,Kerry,Monaghan,19,79 Pierstorff Street,,Baton Rouge,70815,kmonaghanhn@prweb.com,2251083565
637,Moselle,Aldersley,11,70142 Grim Pass,,Atlanta,31196,maldersleyho@livejournal.com,4049112791
638,Vasili,Delgardillo,45,30390 Lakewood Gardens Alley,,Salt Lake City,84170,vdelgardillohp@goo.gl,8016192975
639,Meredeth,Drane,47,368 Badeau Pass,,Richmond,23220,mdranehq@buzzfeed.com,8041071228
640,Deane,Brandel,44,98 Vernon Junction,Room 379,Dallas,75216,dbrandelhr@google.fr,9723803618
641,Jean,Kinnerk,43,787 Bobwhite Court,,Chattanooga,37416,jkinnerkhs@digg.com,4237766343
642,Elizabeth,De Hooch,21,57698 Nancy Avenue,Room 1043,Laurel,20709,edehoochht@networksolutions.com,2023846640
643,Janifer,Cahalin,23,50 Stephen Court,19th Floor,Ann Arbor,48107,jcahalinhu@geocities.jp,7346024986
644,Kori,Crystal,5,0128 Scofield Circle,Apt 308,Santa Barbara,93150,kcrystalhv@ifeng.com,8057725901
645,Alastair,Paal,33,94220 Westerfield Plaza,19th Floor,Rochester,14639,apaalhw@hc360.com,5854385244
646,Cordell,Boutellier,18,0805 Burrows Street,,Migrate,41905,cboutellierhx@xinhuanet.com,5028002698
647,Ciel,Castana,40,829 Merrick Parkway,14th Floor,Providence,02912,ccastanahy@comsenz.com,4017846636
648,Jenni,Lobe,43,8 Bobwhite Point,,Knoxville,37931,jlobehz@mit.edu,8653637566
649,Britni,Kemmet,5,098 Lunder Court,Room 123,San Jose,95113,bkemmeti0@utexas.edu,4086621703
650,Lorene,Smoughton,30,0575 Buhler Center,Suite 5,Manchester,03105,lsmoughtoni1@huffingtonpost.com,6039911892
651,Tymon,Treppas,33,4991 Beilfuss Lane,PO Box 86951,New York City,10280,ttreppasi2@de.vu,9178825169
652,Connie,Goldie,14,39249 Glacier Hill Hill,,Carol Stream,60351,cgoldiei3@php.net,3097884046
653,Nessy,Simms,36,66 Fieldstone Trail,Apt 1180,Cincinnati,45238,nsimmsi4@yahoo.co.jp,5131973582
654,Filide,Metrick,44,02555 Moland Place,,El Paso,88569,fmetricki5@devhub.com,9155604616
655,Jere,Senten,10,438 Crescent Oaks Street,,Melbourne,32919,jsenteni6@telegraph.co.uk,3215732203
656,Maressa,Kearey,33,6899 Algoma Center,,New York City,10165,mkeareyi7@amazonaws.com,9175136176
657,Galven,Holt,24,4 Dapin Parkway,Suite 90,Maple Plain,55572,gholti8@odnoklassniki.ru,7633792237
658,Geno,Stirton,37,76 Loeprich Circle,,Oklahoma City,73173,gstirtoni9@netvibes.com,4059066223
659,Claire,Bizzey,5,29 Manley Pass,Room 510,Petaluma,94975,cbizzeyia@rakuten.co.jp,7077584130
660,Kincaid,Toulch,24,464 Farmco Terrace,Apt 1639,Minneapolis,55441,ktoulchib@shinystat.com,9526188411
661,Bogey,Dyet,26,2876 Stone Corner Place,,Kansas City,64125,bdyetic@soundcloud.com,8168925602
662,Laird,Boate,14,86 Dawn Place,,Chicago,60646,lboateid@free.fr,8475695109
663,Mack,Tempest,1,01926 Talmadge Pass,Room 603,Birmingham,35295,mtempestie@youku.com,2052047435
664,Milena,McQuaide,15,4508 Lakewood Gardens Circle,,Crawfordsville,47937,mmcquaideif@zimbio.com,7653506791
665,Lanni,Graith,26,01 Schiller Avenue,PO Box 8895,Saint Louis,63116,lgraithig@npr.org,3141898897
666,Duncan,Whereat,50,00118 Mandrake Lane,Room 224,Milwaukee,53210,dwhereatih@ustream.tv,2624005057
667,Bryn,Pulster,28,6847 Cascade Place,,Lincoln,68510,bpulsterii@t.co,4026479468
668,Meryl,Rosenstock,10,044 Butternut Trail,PO Box 77183,Saint Petersburg,33742,mrosenstockij@so-net.ne.jp,7274328199
669,Elana,Highton,9,2 Scott Park,,Washington,20067,ehightonik@sourceforge.net,2024891914
670,Tore,Breton,45,79 Marquette Avenue,Apt 866,Salt Lake City,84199,tbretonil@illinois.edu,8018979735
671,Annamarie,Thrush,44,83780 Lawn Plaza,,El Paso,88541,athrushim@ibm.com,9155873539
672,Bobina,Dulwitch,26,62174 Canary Street,,Saint Louis,63180,bdulwitchin@tiny.cc,3146001306
673,Tiff,Cordoba,5,8 Waywood Junction,,Los Angeles,90101,tcordobaio@tripod.com,2131831161
674,Gwenora,Lovekin,28,6 Schiller Circle,,Lincoln,68505,glovekinip@deliciousdays.com,4027450907
675,Eada,Randales,11,9 Novick Plaza,15th Floor,Atlanta,30343,erandalesiq@myspace.com,4044093074
676,Waly,Skottle,5,20 Old Gate Avenue,PO Box 62286,Orange,92668,wskottleir@mashable.com,8587852653
677,Noel,Tanswill,44,84 Anzinger Place,Apt 861,San Antonio,78240,ntanswillis@yale.edu,2104069421
678,Lev,O'Gormley,1,0 Lawn Street,Apt 1291,Birmingham,35210,logormleyit@flickr.com,2052824292
679,Antone,Buie,36,63 Shasta Crossing,Room 1612,Cincinnati,45233,abuieiu@xrea.com,5136241564
680,Dionysus,Chamney,15,94 Waxwing Avenue,PO Box 880,Indianapolis,46266,dchamneyiv@reuters.com,3171222557
681,Sherwynd,Klimes,5,61 Continental Junction,Suite 75,Whittier,90610,sklimesiw@fema.gov,5627499137
682,Walt,Poplee,23,5525 Bartillon Lane,14th Floor,Lansing,48930,wpopleeix@163.com,5174451767
683,Meagan,Chown,10,5404 Blue Bill Park Way,,Fort Lauderdale,33355,mchowniy@vimeo.com,7544387295
684,Cassey,Keach,29,576 Reindahl Trail,,Carson City,89706,ckeachiz@microsoft.com,7756055328
685,Opal,Tradewell,10,1 Anniversary Hill,,Miami,33175,otradewellj0@google.nl,3056062852
686,Tull,Balnaves,23,79656 Chinook Avenue,Suite 1,Grand Rapids,49560,tbalnavesj1@unesco.org,6166270672
687,Lamond,Cootes,47,6633 Veith Lane,,Vienna,22184,lcootesj2@homestead.com,5714778168
688,Gallard,Lohering,9,77 Lukken Park,Suite 61,Washington,20404,gloheringj3@aol.com,2025931500
689,Roarke,Suermeiers,33,5 Coolidge Crossing,PO Box 68515,New York City,10024,rsuermeiersj4@hp.com,6469398367
690,Verile,Blinkhorn,14,481 Gulseth Parkway,Suite 45,Chicago,60663,vblinkhornj5@hatena.ne.jp,3126843883
691,Marisa,Titchard,34,27 Stephen Center,,Raleigh,27635,mtitchardj6@reverbnation.com,9192210332
692,Charmion,Davidov,10,7882 Kings Avenue,Room 772,Naples,33963,cdavidovj7@hao123.com,2397280196
693,Timofei,Axby,9,32549 Hanover Trail,,Washington,20404,taxbyj8@ovh.net,2022117866
694,Florencia,Brunnstein,50,87675 Northridge Circle,,Madison,53790,fbrunnsteinj9@un.org,6087056130
695,Guenna,Lemerle,3,6 2nd Alley,PO Box 38309,Scottsdale,85271,glemerleja@bing.com,4801603647
696,Ewell,Mishaw,45,2343 Graedel Circle,,Salt Lake City,84145,emishawjb@newsvine.com,8016801793
697,Templeton,MacCard,31,0646 Mallory Way,20th Floor,Trenton,08650,tmaccardjc@t-online.de,6092705077
698,Juieta,Sulland,31,3153 Ludington Lane,PO Box 8174,Newark,07188,jsullandjd@alibaba.com,8622839625
699,Tony,Myers,10,835 Ryan Center,PO Box 17894,Tampa,33686,tmyersje@independent.co.uk,8138787307
700,Lucy,Feyer,14,88 Veith Circle,,Peoria,61614,lfeyerjf@house.gov,3094972087
701,Jeremy,Gittus,5,459 Jackson Junction,PO Box 45097,Oakland,94616,jgittusjg@usa.gov,4155236124
702,Jerome,Milsom,44,6076 Katie Junction,,Houston,77025,jmilsomjh@dedecms.com,8328454491
703,Gottfried,Gerardin,17,35 Park Meadow Circle,,Shawnee Mission,66210,ggerardinji@eepurl.com,9136844902
704,Meryl,Coupar,43,152 Nobel Road,Apt 25,Jackson,38308,mcouparjj@nps.gov,7312768982
705,Sascha,McGinlay,16,421 Magdeline Lane,PO Box 4354,Sioux City,51105,smcginlayjk@ebay.co.uk,7126369095
706,Red,Vasiliev,45,8 Browning Center,Apt 949,Salt Lake City,84110,rvasilievjl@engadget.com,8019014885
707,Mella,Pinhorn,9,8800 Golf View Lane,17th Floor,Washington,20442,mpinhornjm@jugem.jp,2028457551
708,Betty,Sclanders,15,50 Clemons Road,PO Box 80882,Gary,46406,bsclandersjn@tmall.com,2195992409
709,Collen,Witt,44,38 Anthes Drive,Apt 1974,Houston,77035,cwittjo@php.net,7132581901
710,Otes,Doman,3,98474 Monica Pass,Apt 30,Tucson,85715,odomanjp@cdc.gov,5208741631
711,Benedicta,Baudy,3,80272 Golf View Hill,Room 46,Apache Junction,85219,bbaudyjq@reddit.com,4809950848
712,Giacomo,Rossin,36,591 Maryland Plaza,Apt 875,Cleveland,44118,grossinjr@reference.com,2163763378
713,Blanch,Aronow,21,83471 Kinsman Road,Apt 650,Baltimore,21203,baronowjs@elegantthemes.com,4102703527
714,Orsola,Pringuer,36,46611 Delladonna Road,Apt 599,Cincinnati,45249,opringuerjt@xing.com,5131074756
715,Reina,Crab,37,62881 Crowley Junction,Suite 26,Oklahoma City,73197,rcrabju@seesaa.net,4053499050
716,Zonda,Delamar,33,3 Loftsgordon Crossing,,New York City,10275,zdelamarjv@archive.org,2126335505
717,El,Maffei,4,808 Dryden Circle,Apt 1783,Hot Springs National Park,71914,emaffeijw@theatlantic.com,5013805318
718,Mace,Engall,22,3689 Luster Place,PO Box 93471,Boston,02216,mengalljx@msu.edu,6174746821
719,Clarita,Mulqueen,23,086 Everett Hill,,Grand Rapids,49544,cmulqueenjy@state.gov,6162762080
720,Bastian,Le Jean,14,07 Sullivan Drive,PO Box 75069,Peoria,61605,blejeanjz@google.de,3094578210
721,Bernadine,Oneile,17,1 Mendota Trail,Suite 55,Topeka,66699,boneilek0@typepad.com,7854980562
722,Celina,Vevers,45,20375 Dryden Plaza,Apt 1485,Salt Lake City,84105,cveversk1@ycombinator.com,8015512631
723,Giles,Faltin,5,534 Vidon Court,3rd Floor,Sacramento,94237,gfaltink2@state.tx.us,9162637409
724,Lee,De Vries,24,9 Grasskamp Way,Room 1502,Young America,55564,ldevriesk3@admin.ch,9526085253
725,Tiphani,Kondrachenko,34,9305 Bunting Plaza,Room 349,Raleigh,27658,tkondrachenkok4@hatena.ne.jp,9199532472
726,Juline,Innes,44,31 Debra Center,2nd Floor,Fort Worth,76178,jinnesk5@symantec.com,6824963826
727,Maximilian,MacEnelly,5,97272 Anderson Terrace,Apt 1074,Chula Vista,91913,mmacenellyk6@flickr.com,6192817945
728,Bent,Petrovsky,36,2051 Ilene Crossing,Suite 73,Akron,44393,bpetrovskyk7@nifty.com,2348935417
729,Doralia,Massei,16,502 Forest Dale Parkway,,Des Moines,50315,dmasseik8@csmonitor.com,5158657584
730,Dalston,Aldwich,5,6465 Golf Course Street,,Los Angeles,90189,daldwichk9@usatoday.com,2138840328
731,Garrot,Rubbens,47,5 Cardinal Parkway,,Richmond,23228,grubbenska@mapquest.com,8045242232
732,Levi,Banford,44,0966 Sutteridge Point,,Dallas,75367,lbanfordkb@soup.io,2145630533
733,Mina,Whaley,24,8 Armistice Crossing,,Saint Cloud,56372,mwhaleykc@fc2.com,3203960169
734,Caresse,Cobden,39,52637 Dryden Crossing,Room 1707,Philadelphia,19146,ccobdenkd@ycombinator.com,2153829170
735,Demetra,Jarmyn,10,5 Beilfuss Street,16th Floor,Miami,33261,djarmynke@archive.org,3057597484
736,Yehudi,Kydd,10,6201 Pleasure Avenue,,Orlando,32803,ykyddkf@blogtalkradio.com,3218901915
737,Currey,MacTurlough,10,1552 Iowa Junction,,West Palm Beach,33411,cmacturloughkg@google.cn,5619300496
738,Fredrika,Brasner,10,98 John Wall Crossing,,Jacksonville,32255,fbrasnerkh@cyberchimps.com,9046937099
739,Elsa,Ellings,26,25217 Bartelt Way,,Kansas City,64149,eellingski@godaddy.com,8169410242
740,Susie,Havill,16,12413 Mallard Pass,Apt 1351,Des Moines,50347,shavillkj@dedecms.com,5153333487
741,Jillana,Shotboulte,47,8 Fisk Drive,,Norfolk,23514,jshotboultekk@go.com,7571730414
742,Eyde,Haton,44,7591 Graedel Terrace,Room 533,Houston,77206,ehatonkl@ezinearticles.com,7133271660
743,Carolann,Jarvis,44,17481 Hudson Point,,El Paso,88530,cjarviskm@senate.gov,9156240500
744,Horatius,Becket,6,58 Esch Court,,Aurora,80044,hbecketkn@macromedia.com,3037357099
745,Gail,Stocky,23,4878 Pearson Pass,,Lansing,48912,gstockyko@netvibes.com,5174376276
746,Milicent,Moar,1,77 Vidon Way,,Birmingham,35205,mmoarkp@netlog.com,2053982390
747,Mandie,Reynalds,11,096 Hudson Lane,PO Box 98731,Atlanta,30380,mreynaldskq@indiegogo.com,4047758233
748,Roman,Murty,50,0 Monterey Crossing,,Milwaukee,53215,rmurtykr@intel.com,4143348760
749,Christie,Emmer,18,20 Spaight Avenue,PO Box 7160,Lexington,40524,cemmerks@shutterfly.com,8598620705
750,Koenraad,Hill,43,17008 Welch Circle,PO Box 82346,Chattanooga,37450,khillkt@si.edu,4239298993
751,Cordi,Furphy,26,13006 Truax Pass,,Saint Joseph,64504,cfurphyku@china.com.cn,8166340607
752,Bat,Bails,44,45415 John Wall Junction,Suite 10,Dallas,75353,bbailskv@abc.net.au,2141698643
753,Farrell,Maass,9,54932 La Follette Park,,Washington,20566,fmaasskw@alibaba.com,2025298331
754,Stanton,Winkett,24,6 Delaware Junction,Suite 47,Minneapolis,55480,swinkettkx@purevolume.com,6124091689
755,Rogers,Edwin,44,43 Mitchell Avenue,,Spring,77386,redwinky@opera.com,2813640181
756,Cirilo,Mapson,43,187 Dahle Hill,Room 1116,Memphis,38131,cmapsonkz@earthlink.net,9017109257
757,Ammamaria,Janeczek,30,15989 Ilene Park,Apt 1048,Manchester,03105,ajaneczekl0@amazon.de,6033099172
758,Ennis,Bewsey,15,8 Bunker Hill Place,,Indianapolis,46221,ebewseyl1@apple.com,3175370821
759,Anselm,Volke,3,4 Little Fleur Drive,Room 669,Phoenix,85005,avolkel2@dell.com,6024234068
760,Isador,Kermott,14,6085 Shelley Park,Apt 653,Springfield,62764,ikermottl3@xinhuanet.com,2176443268
761,Bella,Clohisey,36,7 Kennedy Pass,Apt 1938,Columbus,43204,bclohiseyl4@craigslist.org,6148723205
762,Lita,Cisar,18,02472 Glacier Hill Circle,Suite 56,London,40745,lcisarl5@washingtonpost.com,6062553408
763,Lisbeth,Cowterd,36,4 La Follette Drive,7th Floor,Cincinnati,45271,lcowterdl6@wikimedia.org,5134111118
764,Daisy,Rivard,44,03 Dorton Pass,PO Box 11000,Houston,77271,drivardl7@surveymonkey.com,7134755664
765,Madelena,Larderot,3,8 Texas Street,,Phoenix,85083,mlarderotl8@cnn.com,6024618586
766,Ashlen,Noe,28,02 Northfield Place,Room 252,Omaha,68105,anoel9@economist.com,4029803408
767,Trude,Wagner,48,0 Algoma Road,Apt 1707,Seattle,98195,twagnerla@pinterest.com,2068185366
768,Patti,Otridge,26,6 Gateway Park,Suite 18,Lees Summit,64082,potridgelb@reverbnation.com,8166005719
769,Caresa,Treske,6,4134 Trailsway Parkway,12th Floor,Pueblo,81005,ctreskelc@usnews.com,7196048628
770,Hernando,Busen,17,04728 Bunting Point,7th Floor,Shawnee Mission,66276,hbusenld@tiny.cc,9131562833
771,Susann,Davidde,5,874 Delaware Circle,,San Rafael,94913,sdaviddele@goo.ne.jp,4157309271
772,Roscoe,Vincent,44,93590 Bluestem Street,Apt 263,Fort Worth,76110,rvincentlf@cloudflare.com,6829647204
773,Lethia,Hastie,10,3488 Monica Hill,,Palm Bay,32909,lhastielg@github.io,3213648396
774,Shoshanna,Girsch,44,541 Donald Hill,Apt 1814,Houston,77223,sgirschlh@amazon.co.uk,7134131410
775,Omero,Pretious,15,839 Sommers Circle,,Bloomington,47405,opretiousli@reference.com,8129492254
776,Salaidh,Troctor,13,1 Esker Plaza,,Boise,83722,stroctorlj@gov.uk,2083685751
777,Danell,Hakes,21,40 Park Meadow Alley,Room 132,Silver Spring,20918,dhakeslk@clickbank.net,2404359499
778,Jobi,Braisted,39,2762 Village Court,,Philadelphia,19141,jbraistedll@sbwire.com,2151941545
779,Sharla,Gulliford,11,85 Boyd Road,Suite 74,Columbus,31998,sgullifordlm@ted.com,7065088098
780,Stanleigh,Ragg,44,288 Amoth Center,,El Paso,79994,sraggln@amazon.de,9151567282
781,Allegra,Postle,16,8 Fairview Point,Suite 27,Des Moines,50335,apostlelo@google.com,5153131056
782,Melesa,Simond,44,97587 South Terrace,Room 1536,San Antonio,78250,msimondlp@yellowbook.com,2103756537
783,Regen,Sharkey,5,92 Warbler Center,,Fresno,93740,rsharkeylq@jigsy.com,5595926199
784,Chester,Folshom,34,13 Paget Place,,Winston Salem,27150,cfolshomlr@un.org,3366655866
785,Alys,Puden,34,4 Evergreen Lane,,Winston Salem,27110,apudenls@imageshack.us,3369972893
786,Merridie,St Pierre,44,504 7th Pass,Apt 1213,Bryan,77806,mstpierrelt@webnode.com,9799215363
787,Kipp,Rigler,39,927 Brentwood Point,,Valley Forge,19495,kriglerlu@tinyurl.com,4843114433
788,Wiatt,Gradly,43,2007 Red Cloud Park,PO Box 79399,Chattanooga,37450,wgradlylv@prweb.com,4233849186
789,Westleigh,Rudgley,49,98998 Merchant Plaza,Room 1757,Huntington,25775,wrudgleylw@biblegateway.com,3046287253
790,Emelda,Schott,44,6409 Northfield Avenue,,San Antonio,78245,eschottlx@nyu.edu,8307052775
791,Corina,Farrens,5,81538 Chinook Junction,9th Floor,San Jose,95194,cfarrensly@wikipedia.org,4084805124
792,Haroun,Bilyard,10,2 Northview Junction,8th Floor,Orlando,32808,hbilyardlz@zdnet.com,3216599415
793,Ewen,Laweles,3,45657 Sloan Point,,Glendale,85311,elawelesm0@cbc.ca,6025736145
794,Amery,Mossop,7,27 Farragut Hill,,Waterbury,06726,amossopm1@google.com.br,2036682910
795,Jamill,Knobell,50,504 Walton Street,Room 1891,Green Bay,54313,jknobellm2@prnewswire.com,9208828160
796,Imogene,Kier,39,27836 Brown Point,,Pittsburgh,15286,ikierm3@cnn.com,4127142572
797,Aube,Kristufek,5,1 Londonderry Avenue,Suite 90,South Lake Tahoe,96154,akristufekm4@cnbc.com,5302149295
798,Stacey,Bonder,3,4 Manufacturers Parkway,PO Box 64052,Phoenix,85005,sbonderm5@biblegateway.com,4802567698
799,Devland,Guye,5,6372 Ruskin Drive,Room 1677,San Diego,92196,dguyem6@blogtalkradio.com,6197930321
800,Elysha,Winchester,44,4 Mayer Street,PO Box 47888,Austin,78783,ewinchesterm7@irs.gov,5123341407
801,Dalila,Flecknell,49,111 Drewry Hill,,Huntington,25705,dflecknellm8@liveinternet.ru,3041438385
802,Emili,Broker,34,25 Pankratz Place,Apt 1731,Greensboro,27415,ebrokerm9@addtoany.com,3366644603
803,Wynn,St. Quintin,19,255 Dayton Parkway,Apt 862,Baton Rouge,70894,wstquintinma@cdc.gov,2257042746
804,Sephira,Renol,10,35722 Esch Court,,Orlando,32808,srenolmb@google.com.au,3212420883
805,Eulalie,MacArthur,43,9 Lillian Center,17th Floor,Knoxville,37914,emacarthurmc@unesco.org,8652711877
806,William,Benford,33,6 Welch Park,Apt 1225,Syracuse,13210,wbenfordmd@woothemes.com,3157968493
807,Quentin,Eagers,14,4 Bobwhite Pass,,Aurora,60505,qeagersme@bloglovin.com,6302627376
808,Stephi,Harkess,9,22442 Hoffman Trail,,Washington,20226,sharkessmf@cnn.com,2025477846
809,Allan,Lowrey,33,55373 Larry Road,,Brooklyn,11231,alowreymg@pbs.org,9175393744
810,Heather,Gaskill,10,7 Pleasure Alley,,Clearwater,33763,hgaskillmh@rakuten.co.jp,7275326974
811,Ailsun,Haslehurst,3,1788 Paget Avenue,,Phoenix,85062,ahaslehurstmi@marriott.com,6028570674
812,Kellie,Hellwich,3,5829 Bobwhite Crossing,Room 668,Apache Junction,85219,khellwichmj@photobucket.com,4802142960
813,Ari,Eva,19,0271 Rieder Lane,Room 1548,New Orleans,70124,aevamk@addthis.com,9852630804
814,Melesa,Reddish,6,06360 Havey Park,PO Box 95890,Denver,80217,mreddishml@uol.com.br,3033562346
815,Ede,Rizzardi,9,010 Buell Drive,Room 318,Washington,20036,erizzardimm@microsoft.com,2023673494
816,Farley,Tsar,10,0 Graedel Place,Room 1673,Clearwater,34629,ftsarmn@hibu.com,7276739272
817,Zabrina,Brumfield,38,0 Delaware Junction,Suite 7,Portland,97206,zbrumfieldmo@addthis.com,5038541500
818,Samantha,Brett,7,40605 Charing Cross Place,,Hartford,06183,sbrettmp@taobao.com,8601218112
819,Phylys,Ferne,28,336 Delladonna Place,Suite 6,Omaha,68164,pfernemq@deliciousdays.com,4028652174
820,Deeann,Carberry,10,303 Chinook Court,Apt 1880,Sarasota,34276,dcarberrymr@domainmarket.com,9411178379
821,Natividad,Paliser,41,6223 Rusk Circle,,Charleston,29416,npaliserms@hc360.com,8431039972
822,Roman,Eyer,43,02 Monument Circle,PO Box 39661,Nashville,37205,reyermt@stumbleupon.com,6154414411
823,Esdras,Wakeling,31,24 Melrose Terrace,PO Box 30010,Newark,07188,ewakelingmu@google.fr,8625802290
824,Chan,De La Haye,36,225 Brickson Park Center,,Dayton,45490,cdelahayemv@example.com,9378252261
825,Viv,Coultar,44,389 Sachs Park,Apt 157,Houston,77266,vcoultarmw@gizmodo.com,7138159415
826,Vincenty,Shills,24,432 Banding Pass,PO Box 61041,Duluth,55811,vshillsmx@cocolog-nifty.com,2189758658
827,Conrad,Rickarsey,1,522 Namekagon Park,,Anniston,36205,crickarseymy@foxnews.com,2568244458
828,Arnoldo,Absalom,10,06 Valley Edge Place,,Tampa,33633,aabsalommz@upenn.edu,8139013854
829,Lillis,Vedikhov,7,12431 Miller Avenue,PO Box 2105,Hartford,06145,lvedikhovn0@icio.us,8607852216
830,Sharity,Pickthorne,4,3954 Dorton Park,,Little Rock,72222,spickthornen1@china.com.cn,5017360895
831,Atlanta,Lornsen,31,8624 4th Crossing,PO Box 91666,Jersey City,07305,alornsenn2@sbwire.com,2016310589
832,Sapphire,Girling,47,99715 Sachs Point,,Hampton,23663,sgirlingn3@addthis.com,8044550374
833,Savina,Iacomettii,28,8626 Westridge Parkway,,Omaha,68197,siacomettiin4@tripadvisor.com,4025170426
834,Maurizia,Beccera,37,29 Center Avenue,,Tulsa,74126,mbecceran5@google.co.jp,9187215733
835,Jedd,Dallicoat,15,7 Southridge Plaza,Suite 47,Fort Wayne,46825,jdallicoatn6@webeden.co.uk,2601713564
836,Rutledge,Ventam,16,3677 Petterle Street,14th Floor,Cedar Rapids,52410,rventamn7@webeden.co.uk,3197916075
837,Vale,Haggeth,22,9282 Lindbergh Point,,Boston,02124,vhaggethn8@state.tx.us,6172357309
838,Denny,O'Corrigane,44,7282 Pawling Drive,,Midland,79710,docorriganen9@skype.com,4328552974
839,Adolphus,Filyashin,15,6 Truax Parkway,,Indianapolis,46278,afilyashinna@state.gov,3171747721
840,Benton,Cator,45,5594 Morningstar Center,,Salt Lake City,84189,bcatornb@wiley.com,8017707911
841,Marsh,Woolnough,9,5791 Grasskamp Place,Suite 67,Washington,20442,mwoolnoughnc@istockphoto.com,2029927826
842,Ronalda,Blinerman,33,19276 Katie Point,PO Box 5939,Brooklyn,11225,rblinermannd@indiegogo.com,7187320805
843,Lavinia,Giacomasso,26,44042 Mitchell Point,7th Floor,Kansas City,64179,lgiacomassone@yelp.com,8166993378
844,Clayborne,Oiller,14,84 Merry Parkway,Room 802,Chicago,60624,coillernf@mtv.com,7739278062
845,Ethelind,Cavalier,3,411 Mcguire Park,PO Box 93300,Gilbert,85297,ecavalierng@netvibes.com,4808050626
846,Marion,Le Provest,5,151 Barnett Court,,Torrance,90510,mleprovestnh@parallels.com,8181063591
847,Truda,Bennen,36,0 Lillian Terrace,Room 1335,Cincinnati,45203,tbennenni@webeden.co.uk,5136323677
848,Andrea,Hosburn,3,1392 Dwight Terrace,Room 460,Apache Junction,85219,ahosburnnj@surveymonkey.com,4806427150
849,Haydon,Schruyers,22,473 Walton Court,,Watertown,02472,hschruyersnk@sphinn.com,7812897474
850,Lory,Lesek,26,97 Crest Line Crossing,Apt 1986,Kansas City,64125,lleseknl@nhs.uk,8164303823
851,Terrill,Vegas,17,2274 Magdeline Hill,Room 107,Wichita,67230,tvegasnm@typepad.com,3164168558
852,Louie,Sebert,41,26 Cottonwood Point,PO Box 12975,Florence,29505,lsebertnn@engadget.com,8431278826
853,Callie,Borkett,43,664 Canary Street,Apt 531,Chattanooga,37416,cborkettno@hatena.ne.jp,4233693888
854,Brocky,Croydon,9,7946 Sullivan Circle,,Washington,20557,bcroydonnp@g.co,2021110645
855,Lenore,Bofield,5,2 Pawling Way,17th Floor,Pasadena,91125,lbofieldnq@economist.com,6266419773
856,Alis,Addyman,9,2 Kinsman Road,,Washington,20010,aaddymannr@edublogs.org,2027333048
857,Saw,Larsen,10,5770 Mayer Avenue,,Saint Petersburg,33710,slarsenns@wikipedia.org,7279877076
858,Hetty,Bims,5,37357 Dunning Circle,,Fullerton,92640,hbimsnt@marriott.com,5599060658
859,Caesar,Hammell,14,628 Kipling Drive,Apt 63,Springfield,62794,chammellnu@stanford.edu,2178013851
860,Tarrance,Curme,44,9 Del Mar Way,Room 1139,Amarillo,79165,tcurmenv@bizjournals.com,8067682467
861,Brade,Filyaev,5,92770 Badeau Junction,,Corona,92878,bfilyaevnw@sciencedaily.com,9519591179
862,Bianka,Plank,39,576 Morningstar Terrace,Suite 83,Wilkes Barre,18768,bplanknx@nyu.edu,5706429656
863,Isis,Sturges,5,54 Sutherland Hill,,San Diego,92160,isturgesny@surveymonkey.com,6198531467
864,Currey,Lalonde,16,689 Grover Circle,,Des Moines,50335,clalondenz@elegantthemes.com,5159962784
865,Armando,Eckly,36,59616 Prairie Rose Point,Suite 49,Columbus,43226,aecklyo0@cnet.com,6147904440
866,Kathryne,Chestle,5,3 Spenser Crossing,5th Floor,Irvine,92717,kchestleo1@mysql.com,7141216864
867,Leigh,Rengger,39,14648 Annamark Street,Suite 60,Philadelphia,19151,lrenggero2@nationalgeographic.com,6103931603
868,Roman,Salla,44,94180 Corry Parkway,,Austin,78744,rsallao3@gmpg.org,5129237947
869,Tarrance,Seaton,11,6161 Thackeray Center,PO Box 54235,Macon,31217,tseatono4@yandex.ru,4783901951
870,Heath,Trewhitt,24,837 Pleasure Road,Suite 73,Saint Paul,55166,htrewhitto5@smh.com.au,6518190780
871,Biron,Jaimez,9,47 Gulseth Park,Apt 294,Washington,56944,bjaimezo6@nasa.gov,2023192785
872,Lazar,Cathcart,44,692 Oxford Junction,Apt 1856,Amarillo,79188,lcathcarto7@eventbrite.com,8065042072
873,Albertina,Bilborough,14,72 Mayfield Place,16th Floor,Chicago,60609,abilborougho8@networksolutions.com,7732104850
874,Tades,Chicchetto,1,06910 Roxbury Drive,Suite 7,Birmingham,35242,tchicchettoo9@facebook.com,2051108368
875,Kyle,Akerman,10,714 Porter Trail,,Jacksonville,32204,kakermanoa@unblog.fr,9049244295
876,Aigneis,Rubenovic,44,2 Troy Pass,10th Floor,Fort Worth,76110,arubenovicob@earthlink.net,6824268899
877,Edmon,Cristofari,26,832 Green Ridge Court,,Jefferson City,65110,ecristofarioc@yellowbook.com,5738978908
878,Andee,Ferraretto,39,60980 Monterey Place,1st Floor,Wilkes Barre,18768,aferrarettood@bing.com,5708819987
879,Odelia,Goroni,36,86038 Utah Way,PO Box 47423,Cleveland,44125,ogoronioe@free.fr,4406474764
880,Kaine,Jantzen,37,64036 Leroy Center,,Oklahoma City,73104,kjantzenof@wix.com,4056274775
881,Archibald,Probbing,23,9899 Blue Bill Park Circle,,Warren,48092,aprobbingog@wikimedia.org,8102381998
882,Sydney,Canedo,16,03756 Clyde Gallagher Parkway,Apt 438,Des Moines,50335,scanedooh@cpanel.net,5157277712
883,Debor,Le Marquand,39,886 Commercial Street,,Pittsburgh,15261,dlemarquandoi@yale.edu,4129946682
884,Harrie,Macknish,9,2266 Welch Park,PO Box 4198,Washington,20535,hmacknishoj@photobucket.com,2023802396
885,Blondell,Wishart,10,5739 Leroy Street,Room 1108,Miami,33153,bwishartok@fastcompany.com,7862285988
886,Evelina,Battman,44,4 Northridge Hill,16th Floor,El Paso,88558,ebattmanol@histats.com,9155623064
887,Falito,Shuttle,9,9950 Jenna Crossing,,Washington,20546,fshuttleom@reverbnation.com,2023001685
888,Wilbur,Paur,43,61020 Orin Trail,13th Floor,Memphis,38136,wpauron@elpais.com,9017159789
889,Truman,Whitelaw,10,22001 Summer Ridge Junction,2nd Floor,Saint Petersburg,33710,twhitelawoo@marriott.com,7278272888
890,Celestyn,Fydo,44,0990 Sunbrook Terrace,Room 1746,Fort Worth,76198,cfydoop@intel.com,6827848368
891,Nert,Melley,10,7067 Carioca Drive,,Bradenton,34282,nmelleyoq@sciencedirect.com,9419161741
892,Becki,Ugoletti,47,26 Mandrake Center,Room 483,Richmond,23285,bugolettior@vk.com,8043921255
893,Leelah,Rieme,14,58 Clemons Circle,,Chicago,60681,lriemeos@sakura.ne.jp,3129133728
894,Coral,Jorge,6,8311 Kennedy Junction,Suite 31,Denver,80255,cjorgeot@yellowbook.com,7203277493
895,Garwood,Stileman,10,98 Oak Valley Way,,Ocala,34474,gstilemanou@moonfruit.com,3526106975
896,Meredith,Balser,21,9 Eagle Crest Court,Suite 93,Hagerstown,21747,mbalserov@dyndns.org,2402666024
897,Farrel,Gorwood,47,68627 Golden Leaf Circle,,Charlottesville,22908,fgorwoodow@moonfruit.com,4342682400
898,Winnah,Whimp,11,06 Paget Circle,Apt 656,Atlanta,31132,wwhimpox@google.es,4049933186
899,Virge,Ramm,5,0 Bluestem Park,,San Jose,95138,vrammoy@opensource.org,4082119789
900,Bronson,Lias,10,73002 Reinke Lane,Apt 1250,Tampa,33605,bliasoz@wunderground.com,8139925442
901,Madonna,Heeley,48,20 Parkside Terrace,Suite 24,Tacoma,98411,mheeleyp0@hibu.com,2537122007
902,Veronique,Valder,10,069 Cherokee Road,Apt 1816,Lake Worth,33467,vvalderp1@adobe.com,5617987783
903,Geoffrey,Mardoll,6,3 Northland Terrace,Room 441,Denver,80279,gmardollp2@ifeng.com,3038791961
904,Whitaker,Restieaux,5,287 Fair Oaks Road,Apt 1106,San Diego,92176,wrestieauxp3@bing.com,6192268441
905,Felisha,Iveans,41,79466 Oneill Court,Suite 23,Columbia,29240,fiveansp4@imdb.com,8032004469
906,Candide,Sinnott,44,970 Redwing Parkway,,San Antonio,78235,csinnottp5@howstuffworks.com,2106564078
907,Bernardina,Grace,1,71016 Service Hill,,Birmingham,35263,bgracep6@wikipedia.org,2059047260
908,Julianne,Noteyoung,33,0704 Westerfield Trail,Apt 1353,Brooklyn,11210,jnoteyoungp7@nbcnews.com,3479776512
909,Jen,Wasselin,24,1605 Grasskamp Drive,,Saint Paul,55146,jwasselinp8@jalbum.net,6511981745
910,Alexandros,McEvon,3,819 Melvin Hill,,Phoenix,85035,amcevonp9@over-blog.com,6237605891
911,Katlin,Hassin,1,49286 Crescent Oaks Lane,Suite 54,Birmingham,35290,khassinpa@xinhuanet.com,2051921011
912,Phedra,Rushmer,3,617 Hudson Court,Apt 844,Phoenix,85035,prushmerpb@guardian.co.uk,6029387891
913,Bee,Stockley,47,8887 Dryden Street,20th Floor,Charlottesville,22903,bstockleypc@si.edu,5409496552
914,Jayne,McMurthy,11,14803 Lakeland Lane,,Columbus,31914,jmcmurthypd@mozilla.org,7062022739
915,Carr,Bastow,5,290 Express Alley,Apt 469,Pasadena,91103,cbastowpe@msu.edu,3232267800
916,Shaylah,Preist,11,07 Graceland Way,Apt 995,Savannah,31422,spreistpf@dmoz.org,9127415679
917,Uriah,Dorn,28,5484 Valley Edge Road,Suite 1,Omaha,68197,udornpg@msu.edu,4027552915
918,Elvina,Wetherell,1,58912 Marcy Center,Room 807,Mobile,36610,ewetherellph@facebook.com,2512460062
919,Hatty,Tait,25,4 Eagle Crest Terrace,,Jackson,39204,htaitpi@hostgator.com,6018526687
920,Sandra,Eberst,32,0049 Shopko Drive,12th Floor,Albuquerque,87115,seberstpj@soundcloud.com,5052648550
921,Falkner,Wilkinson,44,1 Transport Lane,,San Antonio,78260,fwilkinsonpk@comsenz.com,8302893376
922,Sara-ann,Horlock,48,8277 Northview Drive,,Tacoma,98481,shorlockpl@hao123.com,2534965783
923,Becky,Paunsford,10,0420 Old Shore Plaza,,Tampa,33610,bpaunsfordpm@soup.io,8139548141
924,Maryrose,St Pierre,42,05 Londonderry Street,Room 244,Sioux Falls,57193,mstpierrepn@cnbc.com,6059593647
925,Frans,Hlavac,5,8664 Cherokee Avenue,PO Box 71919,Riverside,92519,fhlavacpo@geocities.com,9516091774
926,Emlen,Hencke,44,42 Reindahl Place,9th Floor,Houston,77271,ehenckepp@narod.ru,7134812638
927,Evelin,Langwade,5,4 Heffernan Circle,,Los Angeles,90015,elangwadepq@hc360.com,6266409540
928,Zaccaria,Stepto,33,073 Buhler Parkway,PO Box 89193,New York City,10009,zsteptopr@hp.com,9172572475
929,Bridgette,McGeechan,3,82 Alpine Terrace,,Scottsdale,85255,bmcgeechanps@slideshare.net,6023999720
930,Hillyer,Imlin,5,6202 Elmside Lane,Suite 45,Alhambra,91841,himlinpt@narod.ru,6267503916
931,Mariann,Norton,2,98856 Marquette Street,PO Box 91337,Anchorage,99517,mnortonpu@pbs.org,9073752508
932,Karina,Pods,37,6197 Dorton Court,,Tulsa,74108,kpodspv@globo.com,9189737821
933,Raimondo,Tomkiss,48,53 Jenna Place,Suite 45,Tacoma,98405,rtomkisspw@php.net,2539958369
934,Maxi,Collinson,18,778 Dahle Pass,20th Floor,Lexington,40581,mcollinsonpx@arizona.edu,8595240533
935,Carmon,Spilstead,44,42 Glendale Center,Suite 25,El Paso,79928,cspilsteadpy@weibo.com,9156382996
936,Rutter,Priel,29,4 Jackson Park,12th Floor,Las Vegas,89110,rprielpz@ow.ly,7027730294
937,Claiborne,Marsy,14,68420 Kings Circle,Suite 30,Chicago,60691,cmarsyq0@surveymonkey.com,3124339022
938,Keene,Polsin,34,37 Forest Park,16th Floor,Fayetteville,28314,kpolsinq1@topsy.com,9108524195
939,Margot,Coltan,23,9 Mccormick Drive,Room 1977,Troy,48098,mcoltanq2@prlog.org,2489297573
940,Atalanta,Mounch,44,8189 Forster Center,Apt 189,Corpus Christi,78410,amounchq3@last.fm,3614407504
941,Vaughan,Dreakin,23,30781 Hovde Center,,Detroit,48206,vdreakinq4@ning.com,5861578957
942,Bridgette,McAteer,3,0 Loftsgordon Trail,PO Box 81858,Tucson,85720,bmcateerq5@noaa.gov,5203569005
943,Corene,McClary,5,0972 Pond Court,16th Floor,San Luis Obispo,93407,cmcclaryq6@apple.com,8051519679
944,Minne,Hawkeswood,6,5 Ramsey Point,,Denver,80299,mhawkeswoodq7@cnbc.com,7207549027
945,Caitrin,Onions,17,72 Commercial Trail,Room 1176,Shawnee Mission,66220,conionsq8@fda.gov,9136242559
946,See,Krysiak,13,7 Red Cloud Junction,Room 391,Pocatello,83206,skrysiakq9@tripod.com,2085634706
947,Claudianus,Buttner,32,9 Independence Terrace,17th Floor,Las Cruces,88006,cbuttnerqa@arizona.edu,5058346367
948,Zola,Carlozzi,25,52783 Kings Terrace,Suite 82,Jackson,39210,zcarlozziqb@biglobe.ne.jp,6017491737
949,Dasha,Binney,23,45 Mitchell Point,PO Box 86997,Dearborn,48126,dbinneyqc@oaic.gov.au,7346356672
950,Zebulon,Bloggett,47,473 Lotheville Lane,Apt 224,Roanoke,24048,zbloggettqd@ihg.com,5401584761
951,Mariellen,Babst,39,41266 Ilene Way,19th Floor,Pittsburgh,15279,mbabstqe@unicef.org,4126995115
952,Willie,Marlor,10,293 Badeau Center,4th Floor,Tallahassee,32309,wmarlorqf@cargocollective.com,8507618910
953,Demott,Aimable,14,343 Rigney Plaza,,Springfield,62711,daimableqg@ustream.tv,2175046768
954,Jacky,Westnage,33,97 Basil Park,,Brooklyn,11210,jwestnageqh@japanpost.jp,7184276035
955,Bronson,Renihan,7,84074 Dennis Circle,,Hartford,06152,brenihanqi@infoseek.co.jp,8604972600
956,Russell,Teasdale,24,4 Transport Road,PO Box 95155,Duluth,55811,rteasdaleqj@friendfeed.com,2188678499
957,Shayne,Danit,31,946 Jay Pass,,Trenton,08650,sdanitqk@yellowbook.com,6094665110
958,Gwendolyn,Bilt,47,3669 Northwestern Circle,PO Box 16865,Norfolk,23504,gbiltql@trellian.com,7572036778
959,Skye,Polino,48,8092 Starling Center,PO Box 92837,Tacoma,98442,spolinoqm@networkadvertising.org,2535149663
960,Meade,Risdall,17,3 Bellgrove Drive,Room 954,Shawnee Mission,66210,mrisdallqn@over-blog.com,9134301065
961,Bria,Tregale,5,65 Shasta Parkway,,Sacramento,94230,btregaleqo@qq.com,9168384407
962,Artemas,Duchasteau,15,77891 Tennyson Crossing,7th Floor,Indianapolis,46247,aduchasteauqp@google.cn,3173781216
963,Amie,Spritt,5,37 Hauk Parkway,Apt 1901,Sacramento,94230,asprittqq@ucoz.com,9167739978
964,Callida,Zuanelli,9,77 Amoth Drive,,Washington,20503,czuanelliqr@ihg.com,2028040648
965,Elianora,Seagar,14,692 Oakridge Pass,,Peoria,61651,eseagarqs@quantcast.com,3099994537
966,Ernst,Lucock,11,4538 Holy Cross Point,,Duluth,30096,elucockqt@xrea.com,6788146419
967,Roz,Gaitskell,48,9434 Granby Pass,,Tacoma,98447,rgaitskellqu@privacy.gov.au,2538846373
968,Carin,McNuff,2,4 Gale Crossing,PO Box 5189,Anchorage,99599,cmcnuffqv@adobe.com,9078114955
969,Ogdan,Maffin,17,638 Troy Plaza,PO Box 33738,Shawnee Mission,66286,omaffinqw@home.pl,9138584963
970,Catherine,Gillitt,48,4 Pond Crossing,PO Box 60622,Tacoma,98464,cgillittqx@dell.com,2538595953
971,Sky,Gauntley,15,1522 Quincy Terrace,20th Floor,Terre Haute,47805,sgauntleyqy@nasa.gov,8127453982
972,Claus,Fitzharris,39,16 Clemons Way,PO Box 51081,Pittsburgh,15230,cfitzharrisqz@rakuten.co.jp,4121295761
973,Marguerite,Mowbury,1,8401 Rowland Parkway,,Montgomery,36119,mmowburyr0@washington.edu,3345278918
974,Shayne,Marshall,3,8733 Banding Trail,PO Box 51061,Tucson,85715,smarshallr1@indiatimes.com,5209289601
975,Veronique,Carme,44,3 American Ash Plaza,9th Floor,Houston,77245,vcarmer2@storify.com,7135303843
976,Renaud,Kingzeth,25,122 Del Sol Road,,Hattiesburg,39404,rkingzethr3@goo.gl,6019759121
977,Laney,Parrett,9,152 Hoard Street,,Washington,20215,lparrettr4@joomla.org,2022565952
978,Annadiane,Hanaby,36,42256 Northview Road,Room 388,Dayton,45454,ahanabyr5@edublogs.org,9373647769
979,Silvio,Butner,14,081 Lakeland Avenue,Suite 90,Springfield,62705,sbutnerr6@quantcast.com,2173595453
980,Xever,Bucksey,47,5804 Columbus Avenue,Room 1719,Norfolk,23520,xbuckseyr7@hc360.com,7576772318
981,Wright,Jerson,6,63204 Forest Dale Junction,3rd Floor,Colorado Springs,80995,wjersonr8@amazon.de,7193299258
982,Gloria,Dalgarnowch,5,2486 Ohio Court,Room 732,Pasadena,91131,gdalgarnowchr9@fda.gov,6267574639
983,Marjie,Hebbs,41,36568 Melrose Junction,,Columbia,29225,mhebbsra@yellowbook.com,8032632232
984,Louella,Conti,9,7171 Bultman Junction,,Washington,20580,lcontirb@guardian.co.uk,2026328664
985,Mallory,Gemlbett,5,6728 Knutson Pass,Suite 1,Los Angeles,90101,mgemlbettrc@geocities.com,2136424847
986,Maridel,Weben,44,09697 Harper Hill,,San Antonio,78260,mwebenrd@about.com,2106501049
987,Dougy,Michelotti,43,7086 Hoepker Center,,Knoxville,37931,dmichelottire@cdc.gov,8651235678
988,Delia,Cutler,44,1 Waxwing Junction,Room 1436,Austin,78710,dcutlerrf@jugem.jp,5122632966
989,Brooke,Ford,11,27 American Ash Pass,Suite 68,Duluth,30195,bfordrg@vistaprint.com,6789202378
990,Aluin,Andreasen,18,3 Canary Parkway,,Louisville,40250,aandreasenrh@issuu.com,5026255457
991,Johnette,Mucci,43,928 Myrtle Circle,Room 115,Jackson,38308,jmucciri@uiuc.edu,7313721248
992,Lyn,Luety,39,33487 Washington Place,Apt 360,Erie,16522,lluetyrj@ibm.com,8148514394
993,Ailyn,Oblein,23,32 Cody Trail,Room 1864,Lansing,48901,aobleinrk@globo.com,5171509974
994,Mary,Skermer,44,0 Summer Ridge Point,19th Floor,El Paso,88535,mskermerrl@github.io,9159803587
995,Sebastiano,Carnall,43,70879 American Lane,Suite 100,Nashville,37220,scarnallrm@rediff.com,6155836192
996,Reinwald,Rubinfajn,44,944 Crowley Park,,El Paso,88519,rrubinfajnrn@sfgate.com,9157748806
997,Faber,Rosenfeld,16,0496 Kenwood Trail,,Des Moines,50981,frosenfeldro@simplemachines.org,5159416926
998,Olimpia,Eason,10,6040 Waxwing Place,Apt 119,Gainesville,32627,oeasonrp@uiuc.edu,3527036754
999,Clio,Laxton,43,1 Laurel Court,PO Box 52458,Nashville,37240,claxtonrq@oakley.com,6159421265
1000,Evanne,Rastall,48,3 Dakota Trail,Suite 39,Olympia,98516,erastallrr@xing.com,3602870944
