ProductID,ProductName,ProductCategoryID,UnitPrice,UnitCost,SupplierID
1,Junior Hoops Indoor Ball,1,53,46,41
2,Youth Court Classic,1,97,30,11
3,Indoor Bounce Starter Pack,1,44,28,34
4,Pro Grip Indoor Basketball,2,110,6,10
5,Classic Leather Indoor Basketball,2,65,21,23
6,Indoor Champion Series,2,45,15,33
7,Junior Outdoor Durable Basketball,3,54,6,8
8,Youth Street Slam Basketball,3,149,53,3
9,Playground Hero Outdoor Ball,3,64,44,50
10,Street Legend Outdoor Basketball,4,83,26,42
11,Pro Street Outdoor Basketball,4,49,20,47
12,All-Weather Outdoor Ball,4,92,50,38
13,Versatile Grip Youth Basketball,5,140,55,12
14,Dual Surface Junior Basketball,5,95,15,37
15,Youth All-Terrain Basketball,5,23,12,26
16,All Court Elite Basketball,6,37,12,40
17,Ultimate Mixed Surface Ball,6,161,46,19
18,Cross-Court All Surface Basketball,6,153,59,37
19,Limited Edition Commemorative Ball,7,140,26,28
20,Retro Classic Collector's Ball,7,114,51,8
21,Signature Series Collector's Edition,7,144,21,5
22,Mini Hoops Fun Ball,8,166,30,38
23,Kids Mini Training Basketball,8,53,41,48
24,Pocket-Sized Mini Basketball,8,113,54,9
