RoleID,Title,Salary,Commission
1,Environmental Tech,77347,0.0012
2,Staff Accountant IV,108882,0.0985
3,Environmental Tech,88083,0.0915
4,Research Nurse,113482,0.0697
5,Programmer Analyst IV,91501,0.0566
6,Web Developer III,56044,0.1442
7,Chemical Engineer,109846,0.0890
8,Web Designer II,87093,0.0026
9,Registered Nurse,60456,0.0581
10,Structural Analysis Engineer,65832,0.0177
11,Assistant Manager,76468,0.1180
12,Mechanical Systems Engineer,77825,0.0989
13,Senior Developer,51500,0.0743
14,Mechanical Systems Engineer,59242,0.1102
15,Staff Accountant I,78530,0.1086
16,VP Marketing,65131,0.0833
17,Health Coach IV,79608,0.1106
18,Registered Nurse,105869,0.1496
19,Project Manager,58446,0.0093
20,Information Systems Manager,115578,0.1274
21,Junior Executive,60718,0.0003
22,Assistant Manager,79364,0.0927
23,Financial Analyst,92100,0.1238
24,Financial Advisor,66993,0.0984
25,GIS Technical Architect,90518,0.0324
26,Junior Executive,118212,0.0998
27,GIS Technical Architect,94301,0.1440
28,VP Accounting,113713,0.1001
29,Database Administrator III,96106,0.0350
30,Software Engineer II,88829,0.0599
31,Software Engineer III,56034,0.0568
32,Senior Quality Engineer,65006,0.0449
33,Physical Therapy Assistant,59401,0.0483
34,Senior Developer,50368,0.1170
35,Account Executive,102807,0.0891
