﻿SupplierID,CompanyName,StateID,Street1,Street2,City,PostalCode,Email,Phone
1,Thompson-Volkman,5,04 Haas Pass,Suite 62,Orange,92668,kbunch0@pagesperso-orange.fr,8584606501
2,Kling Stroman and Terry,7,04813 Oxford Park,Apt 129,Stamford,06922,dsollam1@webnode.com,2039482940
3,Runolfsdottir-Weimann,9,35 Harbort Trail,,Washington,20010,slimmer2@theatlantic.com,2026907021
4,Lakin Inc,15,89 Lawn Place,Apt 133,Evansville,47732,csiley3@whitehouse.gov,8124840475
5,Hand Group,47,241 Loftsgordon Pass,,Roanoke,24024,rdermott4@dagondesign.com,5403936303
6,Hoeger and Sons,36,3864 International Drive,Room 1138,Cleveland,44191,kamaya5@ftc.gov,2168794045
7,Johnson-Morar,15,56949 Anthes Trail,Room 729,Evansville,47719,kfilipyev6@angelfire.com,8125347655
8,Volkman and Sons,44,5651 Hanson Crossing,Suite 100,Pasadena,77505,ygladdolph7@arizona.edu,2816517945
9,Schultz and Sons,10,2843 Starling Crossing,Suite 37,Miami,33134,mlantuff8@nature.com,7865524146
10,Hartmann Inc,43,79 Dapin Crossing,,Knoxville,37924,rmcgerraghty9@newsvine.com,8651325456
11,Beer LLC,44,7 Brown Terrace,,Dallas,75246,hseabrighta@multiply.com,4698510562
12,Streich-Osinski,36,9607 Lyons Plaza,,Columbus,43231,lkunzelmannb@house.gov,6146923648
13,Price Trantow and Rogahn,15,7 Starling Hill,,South Bend,46614,emuriec@wisc.edu,5741331224
14,Turcotte Group,2,402 Vidon Center,,Anchorage,99517,cgarbottd@hud.gov,9071694738
15,Kling-Price,6,06403 Redwing Place,,Denver,80279,rwalczynskie@themeforest.net,3038277291
16,Murray Harber and Toy,10,792 Sunbrook Way,19th Floor,Homestead,33034,ransteef@vkontakte.ru,7868643042
17,Friesen-Thiel,6,6 Colorado Plaza,PO Box 17914,Littleton,80127,agoaterg@apache.org,3038580782
18,Fritsch-Ortiz,5,5835 Farwell Place,,Redwood City,94064,tishakih@wix.com,6506471094
19,Stanton-Greenholt,21,46 Express Center,,Ridgely,21684,lspringtorpi@stanford.edu,4101905397
20,Mueller and Sons,5,3706 Center Junction,Room 1694,San Francisco,94121,ljerramj@xinhuanet.com,4153466485
21,Weimann Jerde and Beer,39,96 Daystar Point,Apt 1637,Harrisburg,17140,ewalask@answers.com,7173805605
22,Batz and Sons,21,7 Anderson Plaza,Suite 17,Laurel,20709,mgoodacrel@google.es,3013639657
23,Langosh Group,16,69400 Bonner Center,18th Floor,Des Moines,50315,eeasunm@mediafire.com,5152898655
24,Goodwin Rosenbaum and Kohler,1,52070 Charing Cross Alley,,Montgomery,36195,dhayesmann@usa.gov,3348066986
25,Kutch Group,44,834 Rockefeller Junction,,Austin,78710,mwarsapo@vkontakte.ru,5124079025
26,Parisian Gutmann and Gulgowski,44,6118 Bunker Hill Hill,,Austin,78749,ldenerleyp@goodreads.com,5121130647
27,Kessler LLC,50,256 Ryan Plaza,PO Box 96190,Appleton,54915,eformigliq@opera.com,9205425824
28,Effertz-O'Reilly,36,19 Farmco Road,Suite 97,Cincinnati,45264,fparrinr@mlb.com,5134716976
29,Klocko Kuvalis and Bayer,33,4729 Mosinee Street,,New York City,10175,drhyss@wordpress.com,2128981721
30,Ernser-Torphy,38,03673 Commercial Plaza,PO Box 78837,Portland,97296,cwildet@hatena.ne.jp,5034681399
31,Jaskolski-Ullrich,24,96034 International Avenue,,Saint Paul,55103,ecrumbu@google.com,6512745603
32,Zulauf-Grimes,8,23 Bunting Center,,Wilmington,19897,bbattersonv@homestead.com,3022499639
33,Huels Inc,28,52 Spohn Way,,Lincoln,68531,fsearesw@rakuten.co.jp,4025360963
34,Kessler and Sons,38,69934 Schlimgen Trail,,Portland,97211,btebbittx@hostgator.com,5036557339
35,Kiehn Inc,12,5195 Bashford Park,PO Box 56914,Honolulu,96820,gdumphreyy@flickr.com,8089378947
36,Yundt Hyatt and Kreiger,12,42975 Bartelt Parkway,,Honolulu,96820,cbergstramz@ebay.co.uk,8084751181
37,Dare and Sons,9,490 Cardinal Junction,,Washington,20238,baphale10@admin.ch,2026680818
38,Huel-Dach,25,55 Warbler Way,,Jackson,39216,nbryns11@zimbio.com,6012240334
39,Russel-Predovic,48,1 Forster Point,,Seattle,98133,mbaldack12@mit.edu,4254460512
40,Wolff-Jacobson,48,85 Forest Dale Drive,Room 1595,Spokane,99210,jtzuker13@fotki.com,5092600968
41,Strosin Turcotte and Schuster,3,1778 Kipling Road,,Scottsdale,85260,hnode14@wikipedia.org,6236397320
42,Thiel-Shields,6,19619 Rutledge Way,,Colorado Springs,80910,dgisbey15@flavors.me,7198725351
43,Hettinger Crooks and Marvin,34,8 Tony Trail,,Charlotte,28215,mnowick16@baidu.com,7043071288
44,Farrell-Jacobson,34,5 Hansons Terrace,PO Box 12510,Raleigh,27626,chamshar17@businesswire.com,9195077711
45,Konopelski Kuhn and Mueller,5,28 1st Hill,Room 742,Fresno,93721,fmordie18@multiply.com,5592774641
46,Herman-Kling,10,3247 Graedel Center,Apt 1209,Brooksville,34605,otwelvetree19@macromedia.com,3522147818
47,Lesch Feest and Nader,24,7606 Melby Center,,Minneapolis,55412,edraaisma1a@google.de,6129404868
48,Cummings-Effertz,24,2689 Rockefeller Crossing,,Minneapolis,55470,bchidzoy1b@deliciousdays.com,6123288416
49,O'Connell and Sons,38,5616 Barby Place,19th Floor,Portland,97271,fbaseley1c@posterous.com,9718081394
50,Robel-Hamill,1,4 Mariners Cove Road,Suite 16,Birmingham,35225,areaman1d@goodreads.com,2051455504
51,Stoltenberg LLC,48,37886 Jana Pass,,Seattle,98127,gbrute0@dedecms.com,2066963056
52,Block-Vandervort,11,78 Rigney Pass,PO Box 39349,Atlanta,30368,saleksidze1@toplist.cz,4049590576
53,Hackett Skiles and Steuber,10,69 Sunnyside Center,PO Box 87276,Naples,33963,tedmott2@cnet.com,2398215161
54,Herzog-McKenzie,44,584 Ridgeway Drive,,Houston,77240,flidgett3@dot.gov,7132543961
55,Stark O'Hara and Purdy,43,85058 Fallview Junction,,Chattanooga,37410,kbeuscher4@tripod.com,4235819809
56,Bins Inc,44,354 Dawn Alley,PO Box 94456,El Paso,79928,esweetnam5@google.cn,9156321891
57,Russel Pacocha and Hamill,1,97727 Barnett Court,Room 83,Montgomery,36109,gstent6@people.com.cn,3341493638
58,Turcotte Kutch and McClure,33,638 Homewood Road,PO Box 52435,New York City,10034,greilly7@blog.com,2128137057
59,Zulauf and Sons,18,81 Manitowish Pass,,Lexington,40510,dfeary8@theguardian.com,8593624949
60,Reynolds Hermann and Hane,14,1 Lunder Court,9th Floor,Peoria,61635,gendley9@tamu.edu,3096274861
61,Senger Inc,44,24975 Kings Plaza,,San Antonio,78205,csarfasa@tmall.com,2109789888
62,Nolan Inc,5,37 Debs Avenue,PO Box 15114,Concord,94522,jelsopb@admin.ch,9256429495
63,Ryan Bayer and Schroeder,5,3555 Blaine Trail,,Santa Monica,90410,eskoughmanc@reddit.com,3105538078
64,Gusikowski Block and Dickinson,43,12 Harper Court,Apt 181,Knoxville,37919,gbaldcockd@sciencedaily.com,8657250756
65,Steuber Group,44,40274 Lake View Park,,Dallas,75236,iannandalee@epa.gov,9729073068
66,Kuphal Pfeffer and Kling,42,08 Bunker Hill Plaza,5th Floor,Sioux Falls,57193,clitherboroughf@usgs.gov,6054630325
67,Gutkowski-Gleason,39,3 Bayside Terrace,PO Box 57263,Erie,16522,bsanpereg@prweb.com,8143035559
68,Kirlin-Gislason,44,6 Cordelia Parkway,,El Paso,88514,cbramh@pcworld.com,9158273328
69,Keeling-Kemmer,11,515 Fulton Parkway,Apt 626,Savannah,31410,pkwietaki@goo.gl,9123205369
70,Toy Russel and Ratke,44,1201 Rigney Center,,Tyler,75705,rkynclj@twitter.com,9031545186
71,Fisher Grant and Bahringer,44,18612 Raven Way,Suite 8,Houston,77080,nadamsonk@cam.ac.uk,7139255458
72,Pouros LLC,9,65902 Barnett Avenue,Apt 1903,Washington,20057,kvandaalenl@exblog.jp,2023507665
73,Harris Crist and Hills,47,7652 Bartillon Park,Apt 718,Lynchburg,24515,cmcgivenam@dagondesign.com,4344582569
74,Gusikowski Johns and Wolff,39,8531 Roxbury Crossing,Apt 1933,Pittsburgh,15255,gfarrimondn@networksolutions.com,4128825881
75,Schowalter Group,47,9010 Norway Maple Junction,,Roanoke,24009,bchalkero@answers.com,5408449807
76,Schroeder-Monahan,25,972 Valley Edge Way,Apt 1200,Jackson,39296,ljacsonp@e-recht24.de,6015897289
77,Kohler LLC,22,6089 Reindahl Street,Suite 28,Worcester,01610,fcasinq@reddit.com,7744137055
78,Rosenbaum Inc,10,8626 Dakota Drive,,Pompano Beach,33069,tpietraszekr@newsvine.com,9546605915
79,Schowalter-Green,10,93 Southridge Way,Suite 68,Orlando,32830,mgovenlocks@cbsnews.com,4075912822
80,Waelchi Balistreri and Rogahn,47,7151 West Circle,,Sterling,20167,zpraundlt@earthlink.net,5717241903
81,Pacocha-Kulas,33,24 Pine View Drive,PO Box 29540,Staten Island,10305,ceyckelu@sakura.ne.jp,7183357693
82,Nikolaus-Lueilwitz,50,325 Tennyson Court,,Madison,53790,jslewcockv@yellowpages.com,6087966119
83,Schroeder LLC,16,7819 Nova Court,,Des Moines,50320,rklimashevichw@hubpages.com,5159640686
84,Bode-Deckow,14,415 Dawn Road,,Springfield,62705,ngoodrightx@theguardian.com,2178250284
85,Wolff-Conroy,22,51850 Portage Circle,,Waltham,02453,wlegistery@altervista.org,7744289190
86,Grimes-Tromp,3,167 Nancy Avenue,Suite 24,Phoenix,85083,atyndallz@sogou.com,6027373824
87,Krajcik Group,24,71639 Cardinal Plaza,Room 881,Monticello,55585,gverey10@cdbaby.com,7633050693
88,Harris-Gleason,44,1261 Atwood Place,Suite 44,El Paso,88563,mmurrish11@wunderground.com,9152858879
89,Kassulke Group,2,62 Orin Court,,Anchorage,99599,fmccobb12@census.gov,9074446871
90,Maggio Group,44,4 Comanche Lane,,Houston,77240,mmosley13@squarespace.com,7135667807
91,Prosacco-Mayert,5,776 Bowman Lane,Apt 1337,San Diego,92115,jlernihan14@yahoo.com,6191990983
92,Mraz-Fahey,41,03 Melody Park,,Columbia,29220,sgisborne15@privacy.gov.au,8031138320
93,Metz Inc,5,77023 Magdeline Parkway,Room 723,Los Angeles,90087,hmarien16@51.la,2138963208
94,Prohaska-Crist,23,69828 Corscot Park,Apt 807,Lansing,48901,gcastro17@hhs.gov,5173155349
95,Jaskolski Kshlerin and Hammes,47,6458 Fairfield Junction,,Springfield,22156,wguidi18@nifty.com,5718216121
96,Shanahan-Jacobi,14,15448 Sloan Lane,Apt 1698,Chicago,60691,mjustice19@abc.net.au,3129223956
97,Bailey-Bradtke,34,207 Everett Place,Apt 1190,Raleigh,27610,lbomb1a@dailymail.co.uk,9195115027
98,Leannon Group,6,149 Clove Terrace,Apt 1170,Colorado Springs,80920,rhanaby1b@edublogs.org,7193364421
99,Pacocha-Price,32,4987 Springview Court,,Albuquerque,87140,cspittle1c@histats.com,5054532248
100,Borer Conroy and Hoeger,21,61 Lake View Pass,,Baltimore,21265,ebennie1d@plala.or.jp,4107625207
101,Harber and Sons,23,20 South Road,Room 577,Kalamazoo,49048,mworham1e@discuz.net,5175975786
102,Greenfelder-Lockman,43,114 Bobwhite Trail,Apt 1067,Nashville,37205,jcayle1f@cbc.ca,6157145478
103,Kozey LLC,17,30 Carey Court,PO Box 67454,Shawnee Mission,66286,jquayle1g@baidu.com,9139539545
104,Dietrich-Koss,26,91718 Westport Crossing,Room 161,Saint Louis,63116,agilfoy1h@list-manage.com,3143847298
105,Pacocha-Larson,48,1 Algoma Street,PO Box 86057,Olympia,98516,dmarchello1i@guardian.co.uk,2537083561
106,MacGyver Morar and Lynch,34,531 Buell Terrace,,Asheville,28805,lfirman1j@tinypic.com,8288638073
107,Larkin-Heathcote,36,0731 Bowman Place,PO Box 28279,Cleveland,44118,sbudik1k@over-blog.com,2163307110
108,Friesen Walter and Beer,4,61 Bartillon Pass,,Little Rock,72204,aohogan1l@diigo.com,5011199969
109,Wehner LLC,9,491 Messerschmidt Drive,,Washington,20436,jcrate1m@mapy.cz,2025262207
110,Powlowski Inc,11,2028 Glacier Hill Way,PO Box 66985,Atlanta,30328,gasals1n@live.com,7701134461
111,Oberbrunner Stanton and Aufderhar,33,69645 Lawn Trail,Apt 832,Jamaica,11499,mferenczi1o@opera.com,2121084432
112,Watsica Lakin and Bernier,49,3436 Westerfield Court,,Huntington,25770,lshmyr1p@ox.ac.uk,3046819579
113,Wehner-Jenkins,47,615 Dayton Road,15th Floor,Falls Church,22047,ccasley1q@hexun.com,5714164978
114,Schmeler Rath and Ortiz,47,8 Village Crossing,5th Floor,Richmond,23289,noubridge1r@cbslocal.com,8045057712
115,Franecki Miller and Schumm,29,5 Becker Parkway,,Reno,89510,civory1s@noaa.gov,7757231113
116,Koch Feeney and Goyette,47,83 Sycamore Street,PO Box 62552,Dulles,20189,tingreda1t@dyndns.org,5719428475
117,White-Walsh,33,8671 Namekagon Avenue,Apt 135,Staten Island,10305,zkopfen1u@go.com,7189006131
118,Zboncak Group,14,08 Declaration Terrace,13th Floor,Rockford,61110,ahurdiss1v@wikimedia.org,8151588808
119,Rice-Gutmann,10,0 Brown Road,Room 1234,Miami,33153,dkingsnod1w@hc360.com,7864904658
120,Bernier-Bogisich,24,1161 Main Point,Room 1260,Minneapolis,55480,kmaunder1x@state.tx.us,6129581484
121,Gusikowski Abernathy and O'Keefe,33,031 Mitchell Parkway,PO Box 45725,Syracuse,13251,yscrivinor1y@infoseek.co.jp,3155818850
122,Stokes-Ryan,42,65 Garrison Alley,,Sioux Falls,57188,seaden1z@usda.gov,6057272345
123,Murray-McDermott,9,4305 Claremont Plaza,Room 1327,Washington,20010,gklarzynski20@cyberchimps.com,2029764128
124,Hackett Runolfsdottir and White,23,1522 Jay Plaza,,Detroit,48206,ihatherleigh21@ucsd.edu,7345833950
125,Borer and Sons,33,383 Lake View Avenue,,Rochester,14646,randriesse22@hatena.ne.jp,5857256084
126,Cremin-Bosco,9,5087 Warrior Street,Apt 1299,Washington,20205,fmarcome23@mysql.com,2023382315
127,Kautzer-Larkin,41,3 Lake View Parkway,,Columbia,29220,rdeller24@go.com,8031572945
128,Huels Inc,33,74762 Stephen Parkway,Apt 1688,New York City,10014,fsimnor25@unicef.org,6468489478
129,Stroman-Ruecker,50,9209 Crest Line Place,,Milwaukee,53215,ndrawmer26@amazon.co.uk,4141790500
130,Schaden-Parisian,9,80 Moland Street,,Washington,20503,ahacquoil27@ovh.net,2025248376
131,Abernathy Langworth and Reynolds,19,8879 Anderson Place,,Lafayette,70505,klonsbrough28@loc.gov,3379632435
132,Torphy Nicolas and Macejkovic,10,6 Scott Pass,Suite 52,Saint Petersburg,33731,acarlyon29@taobao.com,7278080531
133,Tremblay-Hegmann,5,154 Meadow Valley Place,,Berkeley,94712,mcassells2a@icq.com,5109040734
134,Leannon Hartmann and Abbott,1,47534 Aberg Junction,PO Box 87260,Birmingham,35254,jmitton2b@hc360.com,2053308846
135,Schoen-Franecki,3,390 Old Gate Place,Suite 12,Peoria,85383,tdunklee2c@xrea.com,6235304057
136,Nicolas Beer and Marquardt,18,3 Oak Junction,,Lexington,40576,szwicker2d@yahoo.co.jp,8594271470
137,Lockman-Kuhlman,5,56835 Claremont Avenue,,Los Angeles,90015,dscollard2e@go.com,2138697072
138,Steuber-McLaughlin,1,26543 Duke Court,,Birmingham,35295,skleeman2f@slate.com,2055871827
139,Nicolas LLC,33,1197 Bay Drive,,Rochester,14614,rkineton2g@mayoclinic.com,5855496883
140,Fadel LLC,43,346 8th Park,Room 1272,Nashville,37205,ldufton2h@1und1.de,6153900868
141,Lemke Pagac and Nicolas,31,42536 Mockingbird Point,,Jersey City,07305,kcottham2i@usda.gov,2011053787
142,Rodriguez LLC,28,18 Arrowood Park,9th Floor,Lincoln,68510,rbentote2j@live.com,4023451403
143,Pollich Leuschke and Reynolds,15,803 Mallory Parkway,12th Floor,Indianapolis,46278,jrawstorne2k@cisco.com,3172678972
144,Johns Hauck and Hickle,5,14906 Rusk Road,,San Francisco,94121,cteligin2l@goo.gl,4154531015
145,Halvorson Skiles and Wyman,18,538 Hanson Court,,Louisville,40233,raaronson2m@smh.com.au,5026934206
146,Bogan Orn and Hoeger,1,07 Mccormick Lane,,Mobile,36628,trolf2n@wp.com,2517007137
147,Boyle-Dach,10,8 Talmadge Trail,4th Floor,Kissimmee,34745,jmcdougald2o@github.com,4075967051
148,Kihn-Wiegand,5,9 Moland Circle,PO Box 19618,Whittier,90605,hcourcey2p@unc.edu,5629374318
149,Kuphal Maggio and O'Reilly,16,08323 Coleman Avenue,,Des Moines,50369,lalexandre2q@sphinn.com,5155423972
150,Spinka-Schowalter,5,00 Dryden Parkway,,Sacramento,95813,londrusek2r@wordpress.org,9162149638
151,Davis Kulas and Kessler,10,54134 Northland Hill,,Miami,33164,aguillain2s@wikia.com,7865494957
152,Thompson Group,43,250 Barnett Terrace,Suite 68,Memphis,38109,ybatsford2t@tripadvisor.com,9015492796
153,Tromp Becker and Streich,36,03 Evergreen Lane,Room 1447,Cincinnati,45249,bberget2u@home.pl,5135958938
154,Hermiston Group,5,1 Anderson Parkway,Room 1861,San Diego,92186,llibbie2v@nhs.uk,6191877785
155,Stokes Wolf and Flatley,5,20 Ridge Oak Parkway,5th Floor,North Hollywood,91606,pslany2w@twitpic.com,3234812969
156,Lind Hudson and Kerluke,22,59931 Oak Valley Drive,PO Box 37723,Boston,02298,stabbernor2x@bravesites.com,6178200746
157,Mayert-Gerhold,17,3 Blackbird Pass,,Shawnee Mission,66276,bvenus2y@topsy.com,9133275565
158,Kuhic Morissette and Wisozk,10,3791 Larry Junction,,Tampa,33615,vporkiss2z@t.co,8131735669
159,Grimes LLC,47,04193 Orin Terrace,Apt 488,Alexandria,22301,efairholm30@hostgator.com,2029073639
160,Willms Group,31,03 Thompson Circle,Suite 59,Elizabeth,07208,lsirl31@elegantthemes.com,9085419848
161,Von-Herman,10,649 Boyd Plaza,,Jacksonville,32220,wstoop32@wordpress.org,9046948198
162,Herzog Inc,44,32 Sugar Point,,Tyler,75705,acofax33@hexun.com,9033202404
163,White Lebsack and Osinski,44,23 Waywood Junction,PO Box 83473,El Paso,79945,gberney34@free.fr,9152845099
164,Ritchie Fritsch and Goyette,2,4383 Ryan Trail,Suite 62,Anchorage,99517,bmark35@narod.ru,9074148254
165,Kshlerin Erdman and Sauer,44,5326 8th Junction,12th Floor,Dallas,75277,kmalim36@hao123.com,2146263820
166,Dicki-Grant,29,6082 Iowa Terrace,,Reno,89519,mgoundry37@t.co,7754160715
167,Pacocha-Cruickshank,23,83 Rusk Street,Apt 233,Grand Rapids,49544,gnorcutt38@usgs.gov,6167802231
168,Bogisich Anderson and Runolfsdottir,44,794 Farwell Street,,El Paso,88514,fbaukham39@ow.ly,9156588307
169,Schinner Durgan and Sawayn,13,246 Kenwood Park,Apt 1176,Boise,83727,mgrime3a@yellowbook.com,2088654444
170,Mueller Inc,10,86 Debra Plaza,Apt 944,Pensacola,32595,plumbley3b@wiley.com,8506068711
171,Adams and Sons,13,62659 New Castle Terrace,Suite 55,Boise,83705,alarrat3c@devhub.com,2084830449
172,Schmeler-Heathcote,5,994 Pine View Place,,Los Angeles,90010,hcracknell3d@miibeian.gov.cn,7143570333
173,Nicolas-Littel,5,6 Columbus Junction,,Visalia,93291,dhanney3e@irs.gov,2093089475
174,Vandervort-Murray,10,905 Mayfield Point,PO Box 91430,Lakeland,33811,nburdell3f@mozilla.com,8635716919
175,Roberts and Sons,1,99272 Memorial Hill,,Mobile,36689,rdespenser3g@addthis.com,2512947094
176,Little Group,29,00133 Esker Place,16th Floor,Las Vegas,89115,kcostello3h@biglobe.ne.jp,7027577301
177,Keeling Nitzsche and Langworth,5,93371 South Center,,Bakersfield,93399,lmcdaid3i@github.io,6613750131
178,Mertz-Dooley,44,3 6th Trail,,Dallas,75265,yspragge3j@sciencedaily.com,2146725939
179,Ziemann Inc,47,32775 Lotheville Court,,Reston,20195,mgyenes3k@cbsnews.com,7032685673
180,Wilderman-Kling,13,071 Longview Center,,Boise,83722,rgreatbank3l@skyrock.com,2089271283
181,Cruickshank Rice and Gislason,44,375 Wayridge Road,Apt 1129,El Paso,88558,aalliker3m@irs.gov,9151912652
182,McLaughlin-Leannon,26,5495 Westend Park,PO Box 9292,Kansas City,64101,dondracek3n@microsoft.com,8163052030
183,Powlowski-Steuber,50,508 Bunker Hill Plaza,Room 1614,Milwaukee,53205,rbeaglehole3o@xrea.com,9204361355
184,Connelly Hermann and Lowe,5,40022 Arkansas Avenue,,San Jose,95160,gsturch3p@51.la,4082811351
185,Schmitt Inc,1,51 Golf View Hill,PO Box 22752,Montgomery,36109,kbryan3q@icq.com,3348791494
186,Fritsch Inc,15,4489 Service Way,,South Bend,46614,cyeulet3r@dell.com,5742514898
187,O'Kon Inc,36,428 Dayton Road,Apt 1030,Cleveland,44191,lsoall3s@simplemachines.org,2161769679
188,Ruecker-Conn,6,998 Maple Wood Court,,Pueblo,81010,bbroy3t@sitemeter.com,7195866834
189,Kunze Stoltenberg and Daugherty,36,37 Karstens Park,Suite 63,Toledo,43635,gwaldie3u@myspace.com,4193537650
190,Hartmann Runte and Grady,13,70 Cottonwood Center,,Idaho Falls,83405,ynother3v@irs.gov,2084540492
191,Ernser MacGyver and Boyle,26,35402 Melby Alley,Suite 95,Kansas City,64114,bcello3w@twitter.com,8165648608
192,Murray Feil and Hilll,10,82897 Moulton Road,,Pensacola,32520,cmyall3x@geocities.com,8503986825
193,Nitzsche LLC,44,805 Randy Parkway,,Houston,77075,bewell3y@hostgator.com,2812087833
194,Batz Fadel and Kilback,23,299 Crescent Oaks Trail,,Kalamazoo,49048,jtownrow3z@feedburner.com,5172665315
195,Sipes Schaefer and Monahan,49,21702 Oriole Street,,Huntington,25775,gdumphy40@nymag.com,3047969495
196,Johnston and Sons,37,755 American Terrace,4th Floor,Tulsa,74133,dwenn41@cloudflare.com,9183764402
197,Johns Inc,9,736 Welch Avenue,,Washington,20525,cstirman42@blogs.com,2029514861
198,Fritsch Inc,47,0811 Declaration Road,,Roanoke,24004,jwoodburne43@cyberchimps.com,5406356008
199,Leuschke Schuster and Jakubowski,47,98311 Mockingbird Street,Room 1872,Newport News,23612,hmcwaters44@dropbox.com,7576243738
200,Stanton Gerhold and Armstrong,26,1 Raven Road,10th Floor,Kansas City,64125,fquinet45@addtoany.com,8165593794
201,Hamill-Quitzon,3,500 Eagle Crest Lane,Apt 1389,Scottsdale,85255,dplumbley46@howstuffworks.com,6025047652
202,Howell Inc,5,95417 Forest Run Place,,Sacramento,95865,mpatmore47@gov.uk,9163880758
203,Bahringer Schneider and Daniel,5,8496 Vernon Crossing,9th Floor,Los Angeles,90030,zpowderham48@biblegateway.com,2135302615
204,Bergstrom-Schuppe,44,805 Nelson Point,Apt 769,Arlington,76016,ebedwell49@europa.eu,9724887484
205,Daniel-Osinski,36,7 Stuart Point,,Hamilton,45020,lbirkmyr4a@plala.or.jp,9375975075
206,Senger-Crist,6,450 Lukken Parkway,PO Box 75354,Colorado Springs,80995,sspurett4b@behance.net,7194056568
207,Stoltenberg Ondricka and Hegmann,36,14 Clyde Gallagher Way,11th Floor,Mansfield,44905,ysaile4c@youtube.com,4191329550
208,Schoen-O'Connell,39,75919 Heffernan Plaza,,Erie,16522,kbehr4d@shinystat.com,8144817900
209,Weimann Nikolaus and Wisoky,24,7249 Bowman Parkway,,Saint Cloud,56398,kodunneen4e@nytimes.com,3206199991
210,Mayert Schuster and Kilback,5,2854 Oxford Alley,,Pasadena,91103,kattyeo4f@stumbleupon.com,6267841958
211,Abbott Boehm and Torp,15,5992 Melvin Center,,Fort Wayne,46857,caddicott4g@fda.gov,2607828807
212,Schuppe O'Kon and Dibbert,41,24685 Dorton Junction,,Columbia,29240,gpawling4h@webs.com,8031410438
213,Miller-Dickinson,44,94 Rigney Trail,,Fort Worth,76134,ccreus4i@foxnews.com,8172991180
214,Jast-Haley,5,10659 Debs Junction,,Sacramento,95894,mhavile4j@goo.ne.jp,9164636623
215,Hauck Rempel and Kautzer,4,36 Shoshone Drive,,Hot Springs National Park,71914,sbarr4k@github.com,5017504575
216,Kassulke O'Connell and Blick,23,9778 Rowland Drive,PO Box 50761,Dearborn,48126,aspikins4l@tuttocitta.it,3132373489
217,Pacocha Corkery and Murphy,33,2597 Alpine Center,16th Floor,Buffalo,14269,ahastwell4m@hhs.gov,7163852637
218,Howell LLC,6,7 Bunker Hill Hill,,Denver,80279,whirtzmann4n@mysql.com,3039185469
219,Witting LLC,26,2 Green Alley,PO Box 92382,Kansas City,64144,icrowder4o@topsy.com,8164462887
220,Marquardt Inc,9,79796 Utah Alley,Room 336,Washington,20535,mmedgwick4p@imdb.com,2026331094
221,Koelpin LLC,21,07015 Hauk Court,,Gaithersburg,20883,rpeoples4q@foxnews.com,2402715802
222,Beatty Price and Spencer,48,19 Old Gate Drive,,Seattle,98185,plohden4r@jalbum.net,2064403389
223,Bins Group,44,6029 Longview Alley,Suite 79,Temple,76505,smummery4s@who.int,2545994519
224,Armstrong O'Kon and Cruickshank,48,34 Aberg Street,2nd Floor,Olympia,98506,ljadczak4t@vinaora.com,3604351610
225,Schinner Schuster and Gorczany,39,8481 Crowley Alley,,Harrisburg,17140,alanham4u@webs.com,7173311930
226,Haag Stiedemann and Murazik,26,5448 Delladonna Pass,PO Box 12374,Kansas City,64136,wlynn4v@cnn.com,8164287967
227,Shanahan Inc,5,2 Killdeer Park,Apt 373,Inglewood,90305,creuss4w@rambler.ru,3235497045
228,Baumbach-Vandervort,36,6748 Westend Pass,Apt 54,Columbus,43220,spennoni4x@vinaora.com,6148556320
229,Olson Group,39,5749 Commercial Park,,Philadelphia,19191,nkirwin4y@state.tx.us,2152697821
230,Littel Ebert and Bednar,28,3728 Di Loreto Park,Apt 1808,Omaha,68197,bmakiver4z@booking.com,4022069693
231,Thiel Klein and Lynch,6,87 Bluejay Park,Suite 20,Colorado Springs,80940,bdeluna50@whitehouse.gov,7195552205
232,Tromp Group,34,1848 Alpine Plaza,PO Box 22685,Fayetteville,28314,dbelin51@cdbaby.com,9104634062
233,Jacobi-Glover,34,74 Golden Leaf Junction,4th Floor,Gastonia,28055,bomond52@amazonaws.com,7045456464
234,Dooley Treutel and Kuhic,5,85 Maple Wood Road,,Santa Barbara,93111,yfranchi53@storify.com,8057979941
235,Towne-Beer,5,4 Dovetail Street,,Riverside,92519,spaske54@vkontakte.ru,9518119582
236,Hackett Inc,47,9 Thompson Terrace,,Vienna,22184,cpeartree55@wordpress.com,5713033366
237,Wuckert Sawayn and Wintheiser,12,0427 Lighthouse Bay Avenue,,Honolulu,96845,pmayler56@acquirethisname.com,8083422899
238,Bernier Schulist and Cremin,14,4 Reinke Park,,Chicago,60630,nlindsay57@imgur.com,7738425227
239,Herzog Inc,36,6624 Arkansas Court,Apt 125,Warren,44485,oklimshuk58@cisco.com,3303699261
240,Runolfsson LLC,11,3 Green Ridge Lane,5th Floor,Macon,31210,hbartosek59@studiopress.com,4789751351
241,Barton Mohr and Quigley,16,6 Homewood Hill,16th Floor,Des Moines,50320,ebarnfather5a@deliciousdays.com,5157691083
242,Volkman McKenzie and Weber,1,8524 Pierstorff Crossing,,Birmingham,35244,gbollard5b@list-manage.com,2055164646
243,Thompson Koelpin and Wiza,17,45006 Derek Lane,,Wichita,67220,alethebridge5c@list-manage.com,3164258329
244,Senger Group,21,15 Dayton Crossing,,Gaithersburg,20883,shutchence5d@ucoz.com,2407568518
245,Ledner Frami and Abernathy,10,640 Valley Edge Court,,Bradenton,34282,bflewin5e@dot.gov,9418377372
246,Bednar-Gibson,36,827 Farragut Road,PO Box 33514,Cincinnati,45999,mmoye5f@howstuffworks.com,5132401910
247,Grimes-Zboncak,5,784 Shopko Parkway,19th Floor,Pasadena,91103,sfoottit5g@google.co.uk,3237052225
248,Abbott LLC,24,72550 Springview Park,,Maple Plain,55572,jgreville5h@loc.gov,7639398831
249,Raynor Inc,14,215 Nancy Way,,Chicago,60652,lelleyne5i@soup.io,3123693852
250,Haley-Marks,21,03 Schmedeman Center,Room 55,Silver Spring,20904,egravy5j@sohu.com,7031110736
251,Rutherford Inc,7,367 Dexter Court,,Fairfield,06825,fivanyutin5k@walmart.com,2034625169
252,Kreiger-Johnson,38,3999 Red Cloud Hill,,Portland,97229,gwisdom5l@elpais.com,5033336803
253,Turner Nienow and Jacobson,10,89186 Mesta Drive,,Orlando,32835,dferreras5m@php.net,4076147184
254,Beatty and Sons,47,8963 Nobel Terrace,Suite 1,Suffolk,23436,grexworthy5n@usgs.gov,7576569486
255,Trantow Gerhold and Goodwin,9,480 Mallory Terrace,,Washington,56944,fmonery5o@sina.com.cn,2027540590
256,Ferry-Jakubowski,33,745 Dwight Crossing,,New York City,10125,fsumshon5p@wordpress.com,2122760426
257,Cassin-Brakus,6,8 Waxwing Park,Room 1832,Denver,80217,pcansdale5q@spotify.com,3031070452
258,Conroy Group,31,40 Fallview Trail,Apt 840,Jersey City,07310,wchingedehals5r@elegantthemes.com,5515604755
259,Bartell-Stracke,31,40933 Sutherland Point,Apt 1873,New Brunswick,08922,jbaynon5s@cmu.edu,7323240237
260,Pollich Paucek and Renner,10,7 Arrowood Terrace,Apt 518,Tampa,33633,jrazzell5t@columbia.edu,8134778857
261,Hegmann-Gutkowski,5,90642 Sycamore Street,Room 339,Sacramento,95818,atomasicchio5u@shareasale.com,5306885468
262,Lindgren Schmitt and Bruen,21,081 Hayes Pass,Suite 16,Baltimore,21282,dphilpin5v@joomla.org,4108952864
263,Rolfson-Russel,10,42 Nelson Trail,,Winter Haven,33884,cscrinage5w@epa.gov,4077766557
264,VonRueden Goodwin and Sawayn,44,55360 Knutson Lane,Room 1906,Houston,77234,ahovenden5x@ehow.com,7134312904
265,Mante Group,33,4133 Dakota Plaza,Apt 556,Brooklyn,11220,wros5y@arstechnica.com,7187566949
266,Batz Inc,48,466 Texas Avenue,,Tacoma,98447,vfarrington5z@house.gov,2537084452
267,Cruickshank-Medhurst,5,88015 Stephen Avenue,,Fresno,93704,emackeig60@moonfruit.com,5593654716
268,Schulist D'Amore and Wiza,44,320 Warbler Road,,Austin,78726,aswithenby61@people.com.cn,5122477284
269,Marvin-Skiles,24,046 Arizona Pass,Apt 129,Minneapolis,55417,cdebling62@fema.gov,6125205730
270,Turner Schinner and Brekke,38,9971 Burning Wood Road,,Portland,97240,delsom63@senate.gov,9719385790
271,Greenholt Goodwin and Cummings,28,134 Kedzie Parkway,,Lincoln,68583,mcawthra64@e-recht24.de,4022637221
272,Fay Inc,17,818 Stoughton Hill,,Topeka,66622,adinan65@jigsy.com,7856312976
273,Zboncak Flatley and Gibson,36,23616 Macpherson Parkway,,Akron,44393,dbrittian66@economist.com,2349985526
274,Kassulke Group,34,7 Sachs Point,,Charlotte,28230,jconnal67@youku.com,7043946426
275,Koch-Gulgowski,33,6394 Scofield Terrace,,Buffalo,14269,darrigucci68@ft.com,7165484556
276,Roob LLC,21,3909 Debra Crossing,,Silver Spring,20918,kboosey69@va.gov,2406217348
277,Kshlerin Inc,44,07 Transport Point,Apt 1830,Odessa,79764,llamplugh6a@hhs.gov,4326075334
278,Hagenes Stroman and Tromp,44,25129 Dovetail Center,17th Floor,Killeen,76544,dphilbin6b@cornell.edu,2544580699
279,Harvey Deckow and Fadel,6,10116 Schurz Place,Room 1365,Colorado Springs,80925,lulyat6c@oracle.com,7198611534
280,Cartwright Group,22,00310 Thackeray Hill,Suite 1,Woburn,01813,srobbe6d@ihg.com,3391842370
281,Mann Christiansen and Pouros,30,84 Harper Place,,Portsmouth,03804,rsimonetti6e@comsenz.com,6033282401
282,Emard-Wiza,14,0467 Lien Crossing,PO Box 72999,Springfield,62723,uruse6f@1688.com,2178038329
283,Nikolaus LLC,48,8 Becker Terrace,,Seattle,98104,tbedward6g@psu.edu,2539239325
284,Tremblay Crona and Schinner,4,9359 Esker Court,,Fort Smith,72916,rpring6h@mtv.com,4799308389
285,Lang-Sawayn,19,771 Bobwhite Center,,New Orleans,70179,amichallat6i@redcross.org,5049524858
286,Aufderhar Marks and Berge,39,0 Golden Leaf Point,12th Floor,Erie,16550,kkarpenko6j@webmd.com,8141335594
287,Jacobi Group,17,8312 Maple Wood Pass,,Shawnee Mission,66286,mpavitt6k@marketwatch.com,9138049110
288,Hauck LLC,13,763 Burning Wood Junction,,Pocatello,83206,sbroader6l@simplemachines.org,2083576471
289,Kuhn-Abshire,44,48 Park Meadow Place,,Houston,77212,wlarkkem6m@soundcloud.com,7137220626
290,Dooley-Johns,41,76788 West Trail,,Columbia,29240,glamperd6n@cam.ac.uk,8032817627
291,Balistreri Durgan and Cronin,5,74 Bonner Avenue,PO Box 30133,Oakland,94616,mpennyman6o@rediff.com,4158983784
292,Lynch Lesch and Homenick,6,0019 Kings Point,,Denver,80279,harmstead6p@zdnet.com,3032104556
293,Brown-Schneider,39,8106 Lake View Crossing,,Pittsburgh,15230,amonelli6q@japanpost.jp,4128756077
294,Wyman-Walker,5,5 Buena Vista Drive,PO Box 48649,San Bernardino,92415,mpallent6r@tripod.com,7608291857
295,White LLC,10,3446 Sauthoff Road,,Cape Coral,33915,scawt6s@webmd.com,2393747491
296,Gorczany Inc,49,7 Hanson Junction,Room 1912,Huntington,25711,cmckechnie6t@nbcnews.com,3044697413
297,Schroeder LLC,23,79433 Manitowish Center,Room 41,Detroit,48217,kbusswell6u@biglobe.ne.jp,3138010192
298,Rolfson Inc,26,836 Kropf Junction,,Saint Louis,63110,trosensaft6v@php.net,3144558659
299,Johns Ebert and Murazik,2,496 Hanson Pass,PO Box 13228,Juneau,99812,megglestone6w@mashable.com,9078084728
300,Cormier Inc,10,41771 Mcguire Hill,16th Floor,Kissimmee,34745,cmcmeeking6x@php.net,4076595917
301,Wuckert Inc,36,993 Harbort Lane,PO Box 71888,Cincinnati,45208,ihubach6y@latimes.com,5139252519
302,Kshlerin LLC,49,02 Summer Ridge Pass,,Huntington,25770,cchevins6z@360.cn,3046674970
303,Hartmann-Wunsch,50,7931 Scott Center,,Milwaukee,53277,psurgison70@usnews.com,4144235604
304,Kuhic-Davis,21,6 Texas Lane,PO Box 15057,Baltimore,21216,dspencley71@prweb.com,4101100340
305,Romaguera Hudson and Koss,5,4599 Little Fleur Park,,Santa Rosa,95405,rrolfs72@pen.io,7077059740
306,Johns Group,44,857 Delladonna Trail,,Dallas,75226,nshilton73@reverbnation.com,9728402096
307,Schuppe Harvey and Blanda,25,8 Fieldstone Drive,,Jackson,39236,gjurca74@dell.com,6018561771
308,Kuhn-Conroy,39,06 Sunnyside Lane,,Pittsburgh,15225,dwelsh75@hc360.com,4122023793
309,Robel-Medhurst,21,67322 Hoard Parkway,PO Box 12052,Baltimore,21203,egarfath76@ameblo.jp,3016414601
310,Hoppe Dietrich and Hamill,34,6104 Sachtjen Plaza,,Greensboro,27404,sogorman77@fema.gov,3367348246
311,Sporer Kilback and Hackett,21,1476 Moland Hill,Apt 1432,Laurel,20709,mspelman78@studiopress.com,2026964349
312,Langosh Barrows and Harris,14,17 Fallview Lane,Room 200,Schaumburg,60193,dstithe79@netscape.com,7083965183
313,Connelly and Sons,44,1504 Corscot Place,,Gatesville,76598,bromanski7a@typepad.com,2545162934
314,Hettinger Kuhic and Greenholt,35,52639 Clove Way,12th Floor,Fargo,58106,fcastagnasso7b@ca.gov,7019527256
315,Strosin-Fahey,44,428 Memorial Crossing,,El Paso,79911,tdedam7c@facebook.com,9159968194
316,Frami Schamberger and Stehr,6,6 Bluestem Center,15th Floor,Denver,80249,sschimke7d@123-reg.co.uk,7202871515
317,Lehner Orn and Spinka,3,93148 Oxford Trail,,Mesa,85215,khurren7e@washingtonpost.com,4806064848
318,Bartoletti-Kreiger,19,35 Fulton Road,,Baton Rouge,70836,lceney7f@rambler.ru,2255270955
319,Smith-Dickens,5,231 Charing Cross Trail,,San Francisco,94154,elefranc7g@amazon.co.jp,4153935240
320,Terry and Sons,48,0763 Kensington Parkway,,Seattle,98121,cyepiskov7h@java.com,3603423618
321,Hodkiewicz Collier and Daniel,44,99 4th Plaza,,Humble,77346,jdestouche7i@freewebs.com,2819677431
322,Gottlieb-Stiedemann,14,1 Dwight Pass,PO Box 71011,East Saint Louis,62205,dbagshawe7j@wikimedia.org,6186966937
323,Kihn and Sons,5,4800 Macpherson Drive,,Garden Grove,92844,mhumm7k@amazon.co.uk,3109414949
324,Braun-Wisozk,9,91273 Orin Parkway,,Washington,20425,bsedworth7l@bloglovin.com,2028193582
325,Maggio Langosh and Nienow,34,473 Eagan Avenue,Room 1848,Wilmington,28410,qstledger7m@google.com.br,9109227402
326,Schiller-Kassulke,5,0807 Londonderry Center,,Fresno,93786,hcanas7n@de.vu,5596976709
327,Gislason Armstrong and Murray,45,31 Charing Cross Hill,,Ogden,84409,fparslow7o@yellowbook.com,8016741784
328,Carroll Mraz and Howell,34,3155 Farragut Way,Apt 92,Charlotte,28278,sheinrici7p@homestead.com,7045081165
329,Bashirian Hermann and Dickens,29,248 Mallory Plaza,,Reno,89550,eworral7q@tripod.com,7758728210
330,Sanford and Sons,44,74429 Troy Crossing,Apt 917,Houston,77234,dmarton7r@devhub.com,7134200181
331,Barton Bednar and Welch,19,47658 Ridge Oak Way,,Lafayette,70593,rballham7s@yelp.com,3379511963
332,Bashirian-Erdman,14,34 Bluestem Court,,Palatine,60078,sclarey7t@ucsd.edu,8471943711
333,Ledner Group,15,5225 Memorial Alley,Apt 142,Muncie,47306,dstayt7u@4shared.com,7653796944
334,Christiansen LLC,44,4 Ronald Regan Way,,Amarillo,79182,dkneafsey7v@google.nl,8067381848
335,Bartell-Morissette,34,37679 Donald Trail,,Greensboro,27409,ggidden7w@creativecommons.org,3362708488
336,Beatty Mayert and Armstrong,11,81 Caliangt Circle,Apt 683,Decatur,30033,itomsa7x@comsenz.com,7705583816
337,Feeney Group,44,439 Carpenter Parkway,Suite 5,San Antonio,78215,wfrowde7y@bandcamp.com,2103516996
338,Cronin-Langosh,21,25 Karstens Point,PO Box 24022,Baltimore,21239,hjinkins7z@cmu.edu,4102827472
339,Boehm Blanda and Klein,15,9 Talmadge Trail,9th Floor,Indianapolis,46239,dsanto80@blogtalkradio.com,3171101544
340,McCullough LLC,11,88 Arizona Drive,18th Floor,Atlanta,31165,zdupey81@hp.com,4045330238
341,Goodwin-Bosco,3,83092 Dayton Alley,,Phoenix,85040,morrett82@techcrunch.com,4807659132
342,Hirthe Boyer and Bogisich,9,76679 Riverside Road,Suite 93,Washington,20591,djoerning83@ameblo.jp,2022935011
343,Jacobs LLC,44,133 International Terrace,Suite 20,Houston,77255,rkadd84@cafepress.com,7131465326
344,Pacocha Inc,5,8 Arkansas Street,Suite 69,Sunnyvale,94089,arasmus85@domainmarket.com,6503661786
345,Langworth and Sons,6,1 Hoffman Plaza,Suite 16,Colorado Springs,80920,cstanyer86@icio.us,7192767765
346,Dickens Harris and Huel,11,57 Maryland Way,,Athens,30605,wmccuis87@domainmarket.com,7062482152
347,Wiza-Nikolaus,19,2040 Barnett Pass,Apt 1202,Shreveport,71115,bskewes88@forbes.com,3184671080
348,Robel Bradtke and Wisoky,15,5613 Jay Hill,,Terre Haute,47812,lzamora89@yale.edu,8126730400
349,Howe-Schaden,22,542 Grasskamp Alley,Apt 1031,Newton,02458,fdeaville8a@edublogs.org,7815722911
350,Barton Kuhic and Kshlerin,44,6879 Armistice Terrace,Apt 1434,Houston,77293,jblankman8b@typepad.com,2819068887
351,Little Abbott and Friesen,5,219 Porter Lane,Suite 89,Oakland,94611,maizkovitch8c@facebook.com,5107060410
352,Feeney Group,15,0 Mayer Place,,Evansville,47719,jkoenen8d@pen.io,8124271207
353,Collier Deckow and Jacobi,9,656 Dorton Circle,,Washington,20210,rcuseck8e@hibu.com,2027551157
354,Dickinson-Emard,8,97 Harbort Point,13th Floor,Wilmington,19892,rtowl8f@odnoklassniki.ru,3023586305
355,Renner Batz and Jacobi,9,1 Mandrake Avenue,Apt 1664,Washington,20244,mokerin8g@last.fm,2024792939
356,Halvorson-Dickinson,5,4 Schurz Trail,,Los Angeles,90076,gvokes8h@cnet.com,3236499333
357,Kessler Corkery and Wisozk,44,05 Rowland Pass,Apt 183,Dallas,75205,ltrowl8i@sun.com,2143680547
358,Dietrich Group,34,9 Messerschmidt Court,Apt 135,Raleigh,27635,afanthome8j@cnet.com,9199238369
359,Romaguera Pfeffer and Balistreri,48,2 Steensland Way,,Seattle,98185,aloughnan8k@gov.uk,2068817155
360,Kiehn Schamberger and Shields,33,98 Parkside Park,PO Box 90244,Schenectady,12325,mgreeves8l@time.com,5181984537
361,Brown-Green,1,806 Carberry Point,17th Floor,Birmingham,35215,fdeavin8m@ow.ly,2056960978
362,Jaskolski Leannon and O'Connell,6,6562 Harper Center,Apt 1074,Denver,80255,vtrumble8n@constantcontact.com,3038582416
363,Leffler and Sons,1,283 Merrick Junction,,Mobile,36622,rnegus8o@nsw.gov.au,2511535407
364,Jast and Sons,44,037 Esker Point,,Dallas,75353,mambrogiotti8p@dailymotion.com,2147293003
365,Halvorson Feil and Lesch,10,6837 Hermina Point,,Melbourne,32919,etreven8q@webmd.com,3217882791
366,Konopelski Conn and Friesen,11,327 Springs Way,,Duluth,30195,kwickrath8r@sogou.com,4049496167
367,Hettinger Group,10,9223 Bayside Lane,PO Box 2336,Tallahassee,32309,gkneebone8s@cafepress.com,8509788588
368,Gibson-Homenick,44,1 Manufacturers Street,,Austin,78737,lraoul8t@blogspot.com,5127583385
369,Gorczany-Altenwerth,24,8679 Stuart Pass,,Maple Plain,55572,ddalby8u@hubpages.com,7634102469
370,Casper-Purdy,5,92 Pankratz Avenue,Room 964,Los Angeles,90101,epinilla8v@ovh.net,2132208291
371,Roob Mertz and Pagac,39,29139 Porter Trail,,Philadelphia,19125,lbulbeck8w@wufoo.com,2156335250
372,Hansen and Sons,24,2223 Bashford Circle,,Young America,55557,lgostall8x@prlog.org,9528944588
373,Fritsch-Wisoky,33,51289 Jenifer Alley,Room 1441,New York City,10292,rchiese8y@sun.com,2123182782
374,Lubowitz-Monahan,5,1873 Hintze Trail,Apt 180,Los Angeles,90025,rdawidman8z@loc.gov,6267236290
375,Hagenes-Bernhard,5,0 Badeau Lane,PO Box 40278,Sacramento,95833,aslograve90@elegantthemes.com,5303393187
376,Kreiger LLC,44,23338 Trailsway Plaza,,Amarillo,79159,wshortell91@guardian.co.uk,8062161683
377,Stracke Group,15,01 Havey Terrace,,South Bend,46699,ccardillo92@yale.edu,5742020284
378,Dach-Stiedemann,22,5 Nevada Lane,,Boston,02109,ehowlett93@skype.com,6179221003
379,Zulauf Wiegand and Weissnat,25,81223 Pankratz Lane,,Jackson,39216,fkleinfeld94@opera.com,6012394455
380,Block-Flatley,43,50 Morningstar Alley,,Nashville,37245,hmeachan95@cam.ac.uk,6156026016
381,Aufderhar-Gerlach,44,8 Superior Point,PO Box 21209,Dallas,75310,sscapens96@yale.edu,2141738789
382,Von Inc,23,5 Utah Drive,,Ann Arbor,48107,awaldock97@yahoo.co.jp,7341779235
383,Miller LLC,5,9331 Dahle Avenue,PO Box 47665,Northridge,91328,nding98@cornell.edu,8183184932
384,Maggio Bahringer and Lehner,10,2 Del Mar Crossing,PO Box 80508,Jacksonville,32220,mglentworth99@weibo.com,9044612079
385,Schultz Franecki and Bogan,36,41575 Grim Park,Apt 1655,Cleveland,44130,dsiaskowski9a@histats.com,4407824963
386,Reinger Pollich and Armstrong,34,493 Susan Hill,,Winston Salem,27157,kshiril9b@ftc.gov,3368728865
387,Ledner Von and Schroeder,10,72 Sachtjen Point,Room 1769,Fort Pierce,34981,akollatsch9c@amazon.com,7722562399
388,MacGyver Nicolas and Hagenes,37,298 Stoughton Street,PO Box 42353,Oklahoma City,73147,mcaddick9d@theguardian.com,4058569677
389,Gorczany Hilll and Hahn,29,116 Maple Wood Terrace,,Las Vegas,89155,bespinoy9e@auda.org.au,7026562850
390,Braun Rowe and Reichert,5,7121 Dwight Circle,,Oakland,94627,dplows9f@wikipedia.org,5107055016
391,Schulist LLC,44,3621 Orin Center,PO Box 5269,El Paso,79905,cmargarson9g@odnoklassniki.ru,9154048492
392,Schowalter-Harris,5,70 Bartelt Avenue,,Fresno,93794,ctissier9h@soundcloud.com,5598749673
393,Reilly Rath and Cassin,5,0455 New Castle Circle,Apt 1062,Hayward,94544,ssander9i@wikipedia.org,4159562445
394,Waelchi LLC,26,0 Toban Hill,Room 1693,Springfield,65805,nbritzius9j@cnet.com,4171318006
395,King Dickinson and Grant,5,6656 Vidon Court,,Fresno,93704,dmcmenamin9k@intel.com,5596561723
396,Grimes Group,47,6814 Cordelia Terrace,,Norfolk,23551,mosharry9l@desdev.cn,7575082433
397,Turner LLC,50,37801 Declaration Drive,,Madison,53716,dbartoletti9m@slate.com,6085665356
398,Hilll-Champlin,9,984 Fulton Trail,Room 1954,Washington,20470,ewintersgill9n@360.cn,2024956705
399,Shanahan and Sons,45,877 Aberg Plaza,,Ogden,84403,gspark9o@nba.com,8019904561
400,Bailey Gislason and Hansen,6,6007 Cordelia Park,,Boulder,80328,wjahnke9p@cnn.com,3036906616
401,Legros Schultz and Kreiger,45,498 Nova Pass,Room 492,Salt Lake City,84140,cfreezer9q@topsy.com,8011266790
402,Pacocha LLC,41,66 Helena Alley,,Columbia,29225,bstorror9r@ifeng.com,8031902569
403,Mann Upton and Simonis,44,1439 Southridge Circle,Apt 1026,Dallas,75246,mmanjot9s@prnewswire.com,2147593367
404,Kozey Stark and Murphy,23,12 Rusk Avenue,,Detroit,48295,ieagger9t@cbc.ca,3134467973
405,Russel-Wyman,9,55 Sycamore Pass,Apt 681,Washington,20238,cevason9u@reverbnation.com,2021307048
406,Pollich and Sons,23,07 Erie Parkway,,Detroit,48275,rgantz9v@walmart.com,3132091578
407,Hegmann Carter and McLaughlin,10,23638 Hoffman Plaza,5th Floor,Jacksonville,32277,aautin9w@tinyurl.com,9047957578
408,Collins Inc,1,61 Bluestem Street,Suite 46,Birmingham,35210,cobeirne9x@comcast.net,2054546454
409,Beier-Herzog,7,67 Anhalt Crossing,Room 1520,Hartford,06145,dpretorius9y@domainmarket.com,8604650086
410,Lueilwitz-Luettgen,44,171 Corscot Drive,Apt 1818,Houston,77201,csellers9z@sitemeter.com,8327978719
411,Beer-Mertz,10,0714 Pennsylvania Lane,,Orlando,32830,wmeneelya0@va.gov,4076133996
412,Schmeler Inc,19,08877 Judy Lane,,Lake Charles,70616,abarrassa1@gizmodo.com,3373698181
413,Roberts LLC,47,224 Buhler Plaza,,Richmond,23220,dchallissa2@smh.com.au,8047944121
414,Leuschke-Runolfsdottir,44,019 Mcbride Center,7th Floor,Houston,77223,cwardhaugha3@zdnet.com,7133947813
415,Parker Group,48,008 Sugar Center,Room 1966,Tacoma,98464,scanlanda4@china.com.cn,2534767828
416,Heller Jacobs and Cremin,22,059 East Junction,Suite 66,New Bedford,02745,dsharpina5@alexa.com,5083055023
417,Carroll Group,3,97 Shoshone Park,PO Box 61406,Tucson,85720,pgimleta6@friendfeed.com,5201542709
418,Bayer-Miller,43,27 Bultman Center,Room 1991,Memphis,38143,smomerya7@sphinn.com,9013815001
419,Dare-Bogisich,5,34982 Clarendon Plaza,,Los Angeles,90025,bcavaliera8@163.com,6267660182
420,Kulas Cronin and Witting,7,8473 Portage Trail,1st Floor,New Haven,06538,gedgcumbea9@sitemeter.com,2032723849
421,Rau Group,10,9 Stang Pass,,Miami,33190,cswatmanaa@kickstarter.com,7868373456
422,Reinger-Conn,10,13335 Eagan Court,Apt 1704,Daytona Beach,32128,sboodellab@cnet.com,3868623634
423,Homenick and Sons,44,03 Cascade Junction,PO Box 95516,Houston,77050,kreolfiac@cnet.com,2811200203
424,Bartoletti and Sons,22,4 Starling Parkway,,Boston,02208,cforshawad@oakley.com,6174216623
425,Upton Heathcote and Jacobi,44,5881 Scoville Plaza,Room 308,Dallas,75277,bcoileyae@wunderground.com,2148258982
426,Kessler and Sons,10,36 Hooker Parkway,,Saint Petersburg,33742,tbrattenaf@baidu.com,7276610227
427,Lubowitz and Sons,32,55650 Maywood Parkway,,Albuquerque,87140,mbarsamag@senate.gov,5055755010
428,Koch-Pagac,36,9573 Hanson Center,,Columbus,43210,lroundtreeah@dot.gov,6145778741
429,Herman LLC,47,0325 Sauthoff Way,Suite 83,Dulles,20189,msimisterai@scientificamerican.com,5712841053
430,Hessel-Roob,23,430 Forest Avenue,,Lansing,48919,agoteraj@edublogs.org,5176599901
431,Wilkinson Langworth and Lind,11,26716 International Drive,Room 1424,Macon,31205,lshilstoneak@omniture.com,4782820850
432,Heaney McCullough and Moen,6,34802 Oakridge Road,Suite 32,Boulder,80310,fhuleattal@delicious.com,3037776021
433,Reynolds Deckow and Larson,19,74 Crest Line Junction,PO Box 18301,Baton Rouge,70826,bparrotam@cisco.com,2258740165
434,Mertz Inc,23,87509 Corscot Park,PO Box 2890,Detroit,48217,lmullaneyan@cisco.com,3136579611
435,Mosciski Green and Mohr,50,0976 Sunnyside Park,Apt 1793,Milwaukee,53225,aomaraao@ucsd.edu,4147789807
436,White-Borer,47,933 Lakewood Gardens Avenue,,Norfolk,23509,tsuchap@wiley.com,7573090178
437,Paucek Leuschke and Wolf,23,139 Thackeray Crossing,Suite 23,Battle Creek,49018,grosenblattaq@amazon.co.jp,2699753498
438,Morar Group,36,33 Superior Center,4th Floor,Columbus,43215,tcholdcroftar@squidoo.com,6143033710
439,Cummerata Inc,5,27 Dunning Junction,,Oceanside,92056,tcamachoas@slate.com,8584845105
440,Schulist Group,33,4 Northwestern Center,PO Box 23598,Albany,12242,nmorgansat@icq.com,5187745840
441,Trantow LLC,44,873 Del Mar Street,,Mesquite,75185,ghoudmontau@istockphoto.com,2144478726
442,Weber Inc,7,758 Glacier Hill Parkway,Room 1844,Stamford,06912,sdumperav@devhub.com,2032959838
443,Muller Group,7,35407 Birchwood Avenue,,Fairfield,06825,fegleseaw@histats.com,2034895711
444,Ebert-Kuvalis,44,7911 Johnson Way,,Beaumont,77705,cdelbergueax@ihg.com,9362985704
445,O'Reilly-Bechtelar,44,245 Loomis Point,,Arlington,76004,gglasebrookay@nbcnews.com,8173935586
446,Kohler Inc,11,72216 Bultman Avenue,,Macon,31217,tdaventryaz@stanford.edu,9129925475
447,Willms Daugherty and Hackett,5,8219 Morrow Place,,Los Angeles,90040,wrowanb0@tripod.com,3234173304
448,Koch and Sons,44,5878 Bartillon Alley,,El Paso,79968,kadrianellob1@google.pl,9151114742
449,Davis Inc,44,9 Dennis Road,,Amarillo,79116,msipsonb2@google.de,8064535497
450,Padberg-Stokes,39,4 3rd Street,,Allentown,18105,aparkhouseb3@wp.com,6105280166
451,Bruen and Sons,37,47792 Russell Circle,PO Box 29206,Oklahoma City,73147,jbrockhurstb4@trellian.com,4051114995
452,Hodkiewicz-Spinka,47,2 Towne Pass,,Arlington,22217,ekewardb5@huffingtonpost.com,5714739079
453,Hamill Group,16,2 Autumn Leaf Avenue,Room 1264,Des Moines,50362,gzanittib6@imdb.com,5156613310
454,Predovic-Bradtke,10,61 Clemons Point,,Naples,34114,bislepb7@goodreads.com,2391365609
455,Cremin LLC,16,59244 Oakridge Avenue,Apt 1965,Sioux City,51110,cbosomworthb8@fc2.com,7123349684
456,Ziemann-Zemlak,44,615 Duke Point,Apt 396,Dallas,75353,sbingellb9@lulu.com,2145714625
457,Moore-Nitzsche,47,1 Crowley Pass,,Vienna,22184,cbroxapba@japanpost.jp,5719978308
458,Huel-Rogahn,13,50409 Harbort Point,11th Floor,Pocatello,83206,acarffbb@dagondesign.com,2089918952
459,Predovic-Collier,23,89 Fisk Alley,Room 514,Lansing,48919,siddisonbc@posterous.com,5172297729
460,Anderson Metz and Wilderman,5,678 Lawn Terrace,10th Floor,Riverside,92505,cbruggenbd@mlb.com,9096317193
461,Daugherty Donnelly and Gerlach,44,977 Brentwood Lane,Apt 1389,San Antonio,78255,mcaneobe@topsy.com,2102865763
462,Herman LLC,39,36 Tennyson Terrace,,Philadelphia,19115,rromabf@51.la,2156761881
463,Watsica-Miller,48,64237 Brentwood Place,PO Box 52832,Spokane,99252,ajanakbg@huffingtonpost.com,5094872795
464,Feeney-Hartmann,33,51 Northridge Way,,Buffalo,14276,beggintonbh@123-reg.co.uk,7168620381
465,Kuphal Stark and Schiller,33,78 Delaware Pass,,New York City,10150,dferbi@usgs.gov,2124359363
466,Altenwerth LLC,21,63347 Mendota Terrace,,Ridgely,21684,jcheetambj@irs.gov,4105192410
467,Metz Trantow and Wunsch,1,8362 Lerdahl Crossing,,Birmingham,35279,kshinglesbk@quantcast.com,2058274004
468,Vandervort-Hodkiewicz,21,35661 Maple Crossing,Apt 1266,Hyattsville,20784,nporchbl@columbia.edu,3017611280
469,Ward LLC,49,985 Ridgeway Terrace,,Charleston,25356,killesleybm@skype.com,3044707233
470,Mayert-Robel,21,64 Novick Way,,Baltimore,21216,lcastellinibn@dion.ne.jp,4101599294
471,Renner Bernier and Braun,10,5 Prairie Rose Pass,Room 1960,Jacksonville,32236,leskrickbo@google.es,9042574315
472,Rogahn Inc,17,89 Twin Pines Center,Apt 169,Topeka,66606,hbumbp@elpais.com,7856299046
473,Rutherford-Mayer,14,22613 Ludington Court,PO Box 6295,Aurora,60505,fcundbq@businessweek.com,6307897189
474,Roob-Abshire,36,8231 Westerfield Street,Apt 681,Dayton,45490,rmillwallbr@whitehouse.gov,9372503673
475,Mueller-Johnston,5,813 Stoughton Road,,Salinas,93907,cmoxleybs@cmu.edu,8319884282
476,Koelpin Stanton and Schmidt,10,58275 Fairview Park,,Melbourne,32941,cdufourbt@shareasale.com,3219272099
477,Jakubowski-Pacocha,45,195 Farmco Place,,Provo,84605,jticklebu@wufoo.com,8015543834
478,Feil-Barrows,36,04896 Ryan Center,,Cleveland,44111,cbriteebv@home.pl,2163417455
479,Bode Weissnat and Dach,9,753 Melrose Terrace,,Washington,20392,yneasambw@hostgator.com,2021822570
480,Welch Inc,39,909 Hagan Point,,Philadelphia,19146,ncristofalobx@guardian.co.uk,2155753018
481,Bahringer-Gleichner,5,63 Esker Alley,,Lancaster,93584,ckilduffby@amazon.com,6611644628
482,Bartoletti LLC,10,48 Loomis Junction,6th Floor,Fort Lauderdale,33305,hdanielkiewiczbz@telegraph.co.uk,9546794929
483,O'Connell-Beatty,39,3 Hagan Trail,,Harrisburg,17105,lbeetlesc0@statcounter.com,7178050306
484,Jones Inc,44,3 Loftsgordon Point,,Amarillo,79159,acornilleauc1@harvard.edu,8064227463
485,Ziemann-Robel,44,3130 Riverside Hill,Suite 48,Houston,77040,jcaddiesc2@ning.com,2817999422
486,Marks Kunze and Miller,26,3 Sauthoff Drive,,Kansas City,64190,gdarlassonc3@pen.io,8162598243
487,Kessler-Berge,48,35029 Lakeland Alley,Suite 76,Tacoma,98417,osnoxellc4@e-recht24.de,2539977026
488,Carter and Sons,33,0 2nd Junction,,Rochester,14624,greisensteinc5@webeden.co.uk,5852083254
489,Ebert-Christiansen,5,85471 Village Green Road,Suite 86,Huntington Beach,92648,cstoppsc6@adobe.com,7149355642
490,Kris-Roberts,44,565 Eliot Avenue,Apt 1832,Arlington,76004,tgillbeec7@sphinn.com,8178419407
491,Beier Kertzmann and Wiegand,18,4695 Bluestem Hill,Suite 62,Lexington,40591,mzellmerc8@howstuffworks.com,8598882487
492,Reynolds Blick and Welch,10,56 Bobwhite Terrace,3rd Floor,Jacksonville,32209,acockerhamc9@shareasale.com,9041798219
493,Schiller Group,19,3903 Pennsylvania Place,,Lafayette,70505,jcornfootca@storify.com,3378159447
494,Walker and Sons,6,74999 Scoville Trail,PO Box 57915,Denver,80204,arestorickcb@timesonline.co.uk,7203499063
495,Beer and Sons,41,1 Starling Point,Suite 33,Myrtle Beach,29579,hconticc@comcast.net,8434662868
496,Kreiger-Tromp,5,20 Toban Point,Suite 68,Fresno,93740,eheggecd@msn.com,5593303605
497,Jaskolski and Sons,26,2572 Green Ridge Center,Apt 503,Saint Joseph,64504,ggomerce@virginia.edu,8165001005
498,Wunsch and Sons,44,10 Daystar Plaza,Room 1765,El Paso,79994,gthebescf@businessweek.com,9153722432
499,Lebsack-Hyatt,14,237 Holy Cross Parkway,,Joliet,60435,krylandscg@howstuffworks.com,8158648195
500,Lynch-King,14,7 Nelson Crossing,Room 20,Chicago,60641,mwilsteadch@cloudflare.com,6305128534
501,Langosh-Collins,10,977 Charing Cross Trail,,Boca Raton,33432,tfenichci@biglobe.ne.jp,5612289294
502,Friesen-Bogan,24,94050 Jenifer Lane,,Minneapolis,55441,ybolderocj@europa.eu,7637914425
503,Hoppe Group,49,04 Esch Trail,Suite 13,Morgantown,26505,obowyerck@unblog.fr,3046609049
504,Marvin-Hudson,36,7 Longview Alley,PO Box 90648,Akron,44393,srobeirocl@tinypic.com,2344609133
505,Lindgren Inc,10,03651 Grayhawk Trail,,Fort Lauderdale,33345,cgoldiscm@macromedia.com,7542513279
506,Carter Group,7,8 Lawn Street,Room 806,Bridgeport,06673,cpoolycn@gizmodo.com,2035840833
507,Bins Kemmer and Bednar,5,6 Corben Terrace,,Fresno,93740,cbirrelco@ameblo.jp,5593894903
508,Cummerata LLC,14,8 Anthes Way,Suite 6,Rockford,61105,squailcp@meetup.com,8155144307
509,Russel Buckridge and Mitchell,8,488 Green Ridge Center,Apt 1232,Wilmington,19805,ojellettcq@japanpost.jp,3025993124
510,Skiles-Hammes,44,0 Ridge Oak Way,,Corpus Christi,78405,tomearacr@si.edu,3615646360
511,Glover Casper and Heathcote,39,1 Menomonie Way,Suite 90,Pittsburgh,15279,kwardcs@netlog.com,4126279203
512,Emard and Sons,10,4 Mesta Avenue,,Clearwater,34615,bwhitakerct@dailymotion.com,7278024078
513,Labadie-Hammes,44,7188 Green Ridge Parkway,14th Floor,Fort Worth,76162,otinecu@weibo.com,6824858748
514,Leffler-Gislason,9,01 Saint Paul Circle,Suite 45,Washington,20503,sjellingscv@amazon.com,2022910653
515,Jaskolski-Witting,44,6 Talisman Plaza,,Houston,77288,ckennoncw@unesco.org,7136299238
516,Streich-Abshire,44,72596 Lyons Lane,Suite 95,Dallas,75265,sgilmourcx@cloudflare.com,2149711501
517,Hirthe-Lynch,10,6040 Meadow Vale Lane,,Vero Beach,32969,bchristopherscy@ask.com,7722092114
518,Raynor Group,5,7952 Barby Circle,Room 1342,Fresno,93762,egherardescicz@kickstarter.com,5597661028
519,Renner-Christiansen,2,50445 Debs Hill,PO Box 49869,Anchorage,99507,cstivanid0@hao123.com,9077687200
520,Crist Hickle and Murphy,26,7631 Monica Pass,,Saint Louis,63131,sgainesd1@storify.com,6364696334
521,Stark Group,48,75 North Lane,Apt 156,Seattle,98195,dfillaryd2@pcworld.com,2069438343
522,Kerluke-Keeling,11,9 Fuller Lane,Apt 859,Athens,30605,csurcombd3@fc2.com,7063708189
523,Ritchie Bruen and Von,5,4698 Sutherland Avenue,,Sacramento,94245,lchishulld4@spiegel.de,9168436261
524,Walter Boehm and Dickinson,33,09 Moose Park,Room 510,New York City,10270,ispawforthd5@slideshare.net,9175083007
525,Runolfsdottir LLC,44,8874 Truax Trail,,Houston,77080,chabershawd6@deliciousdays.com,8327584735
526,Kertzmann and Sons,21,78 Union Point,Suite 80,Silver Spring,20904,tscurfieldd7@xing.com,7036484891
527,Welch and Sons,50,0114 Kingsford Trail,4th Floor,Madison,53779,msemeredd8@wunderground.com,6086119413
528,Jenkins Cassin and Daniel,6,1 Dennis Place,,Denver,80262,bblakeboroughd9@bloomberg.com,3034670599
529,Boyer Champlin and Grimes,44,8674 Hansons Point,,El Paso,79977,ikirkhamda@reddit.com,9158546637
530,Klocko-Schaden,39,55 Maywood Center,8th Floor,Philadelphia,19115,yharmonddb@dion.ne.jp,2674194506
531,Boyer and Sons,43,2 Farragut Park,PO Box 59095,Knoxville,37919,goleszczakdc@blog.com,8657334027
532,Brown and Sons,23,50965 Dakota Court,,Kalamazoo,49048,dmattacksdd@imgur.com,5174103549
533,Koepp-Bartoletti,44,8158 Jana Court,,El Paso,79968,icordelde@dailymotion.com,9154182672
534,Romaguera Legros and Thiel,36,99 Duke Circle,,Youngstown,44555,gbrinkworthdf@acquirethisname.com,3302893775
535,Bechtelar Inc,29,8596 Logan Point,,Reno,89505,fsangodg@sakura.ne.jp,7758999993
536,Lehner-Sporer,33,2400 Northwestern Street,,New York City,10039,swalcardh@guardian.co.uk,9174996716
537,Rosenbaum LLC,50,942 Mcbride Point,,Milwaukee,53210,rpestordi@indiegogo.com,4144546989
538,Swift Hettinger and Denesik,5,0 Marquette Circle,,San Francisco,94126,gbastiandj@berkeley.edu,4152668551
539,Bernier Bednar and McLaughlin,44,43 Lawn Lane,20th Floor,Houston,77010,battodk@thetimes.co.uk,8328892177
540,Crooks Raynor and Beier,23,35147 Chive Terrace,,Lansing,48912,csheredl@phoca.cz,5178238360
541,Durgan Hahn and Beatty,21,67527 Northport Park,,Baltimore,21275,apageldm@virginia.edu,4101334338
542,O'Reilly-Anderson,5,602 Maryland Road,,Visalia,93291,cbuttondn@bluehost.com,2093268918
543,Ondricka Bahringer and West,5,4497 Sundown Lane,,San Francisco,94126,aartistdo@hibu.com,4154162683
544,Bartoletti Predovic and Nitzsche,32,0345 Rowland Crossing,,Santa Fe,87505,aaggasdp@cafepress.com,5055629483
545,Rosenbaum-Ernser,5,08 Oakridge Center,,Chico,95973,hcraikerdq@soundcloud.com,9165181024
546,Adams LLC,9,52170 Washington Park,,Washington,20420,msturtdr@oracle.com,2024603982
547,Heathcote Inc,24,7 Chinook Center,PO Box 61078,Minneapolis,55402,nstansellds@wufoo.com,7631433885
548,Casper Reinger and Schmidt,5,7294 Manufacturers Terrace,Room 819,San Jose,95128,jcodedt@domainmarket.com,7149901264
549,Marquardt Quitzon and Hansen,12,810 Sherman Trail,,Honolulu,96805,kriccardellidu@shop-pro.jp,8085868380
550,Weimann-Gutkowski,36,8 Sommers Point,,Youngstown,44555,ndiesdv@woothemes.com,3301955535
551,Ebert LLC,43,78136 Bobwhite Point,,Memphis,38114,lerangeydw@hhs.gov,9019658051
552,Reynolds Group,10,52 Little Fleur Place,Room 858,Kissimmee,34745,hmacareedx@berkeley.edu,4079271677
553,Aufderhar Group,10,686 Ridge Oak Pass,,Orlando,32819,bgheeorghiedy@imageshack.us,9418148200
554,Cormier-Reichel,29,36 Colorado Park,Apt 59,Las Vegas,89120,mcaldronidz@usnews.com,7022454564
555,Harris Group,44,83871 Sugar Alley,,San Antonio,78230,kbarnewalle0@washingtonpost.com,8307271837
556,Dickinson Inc,33,883 Claremont Plaza,Room 524,Albany,12237,pdodsworthe1@dot.gov,5184934668
557,Franecki Hills and Hilpert,49,3098 West Street,,Huntington,25770,crullere2@plala.or.jp,3042257169
558,Cartwright LLC,5,8942 Dottie Court,,San Diego,92110,yjosipovitze3@addthis.com,6192029768
559,Casper and Sons,42,072 Southridge Parkway,Room 103,Sioux Falls,57193,emchaffye4@sun.com,6054379330
560,Wisozk LLC,10,5 Sachs Point,Room 990,Ocala,34474,omatzene5@princeton.edu,3524579694
561,Block Graham and Homenick,9,6 Amoth Parkway,14th Floor,Washington,20370,mhulburte6@sohu.com,2021304689
562,Morissette Larkin and Hegmann,45,4813 Maryland Lane,Apt 618,Salt Lake City,84189,nlightone7@rakuten.co.jp,8015009111
563,Adams Hilll and Herman,26,3 Talisman Pass,,Kansas City,64193,bwigfielde8@weebly.com,8167602069
564,Jenkins-Wehner,48,3 Hoffman Point,,Olympia,98506,nsenussie9@elpais.com,3609460014
565,Fahey-Goyette,44,924 Hauk Alley,,Mesquite,75185,mibelea@nba.com,9728044142
566,Kris Inc,9,55 Sloan Junction,PO Box 25256,Washington,20205,sfarnalleb@opensource.org,2022518698
567,Hand Hauck and Stehr,48,196 Merry Center,,Spokane,99205,ndrohaneec@timesonline.co.uk,5093328753
568,Casper Witting and Nienow,33,70806 Lawn Pass,Suite 33,Hicksville,11854,mchoulesed@paypal.com,5168630373
569,Pfeffer Group,33,311 Derek Street,16th Floor,Brooklyn,11231,sgascoineee@delicious.com,2126854226
570,DuBuque-Wisozk,39,6021 Tomscot Circle,,Erie,16505,awistanceef@hubpages.com,8146675585
571,Crooks Group,44,6 Vidon Alley,,Lubbock,79405,mdobbinseg@reference.com,8068681768
572,Turcotte Group,33,53 Warner Lane,,Buffalo,14215,sdaintitheh@soup.io,7161483623
573,Connelly-Metz,44,2 Darwin Parkway,Apt 1908,Midland,79710,fhuckfieldei@vistaprint.com,4323455194
574,VonRueden-Gorczany,3,54 Cody Plaza,,Tempe,85284,alegassickej@adobe.com,4804044952
575,Doyle-Upton,25,3 Barby Terrace,,Jackson,39236,apessoldek@wikispaces.com,6016274755
576,King-Adams,44,54709 Scofield Circle,,Amarillo,79165,mperriel@seattletimes.com,8067802918
577,Mills-Bode,33,68796 Messerschmidt Way,,Albany,12232,mkieffem@nsw.gov.au,5181638058
578,Bernhard Group,5,4563 Bunting Pass,,Los Angeles,90050,pmcchesneyen@dedecms.com,2138557186
579,Langosh LLC,22,482 Heffernan Lane,,Watertown,02472,mkarolowskieo@lulu.com,8579113274
580,Nicolas Group,34,85334 Maywood Road,,Fayetteville,28305,mhaseldineep@hhs.gov,9109983253
581,Rolfson-Walker,10,6 Transport Hill,,Boca Raton,33499,jraceeq@constantcontact.com,5619994015
582,Klein-Adams,33,1887 Village Green Lane,,Port Washington,11054,enareer@themeforest.net,5165042150
583,Ullrich LLC,19,07 New Castle Pass,6th Floor,Alexandria,71307,sbettaneyes@paginegialle.it,3186760421
584,Bruen-Heathcote,5,67102 Reinke Trail,,Chico,95973,aspontonet@dropbox.com,9165345270
585,Luettgen-Stroman,3,776 Gulseth Center,,Apache Junction,85219,mleschelleeu@foxnews.com,4802932522
586,Torphy-Waelchi,19,64750 Lotheville Terrace,,Shreveport,71166,mabeleev@unc.edu,3181573323
587,Koepp Balistreri and Beatty,11,25 Gina Street,3rd Floor,Atlanta,30356,cgreavesew@admin.ch,4043899058
588,Upton-Ferry,29,52933 Main Trail,Suite 97,Reno,89519,clevermoreex@opensource.org,7755812254
589,Feil Langosh and Bahringer,21,978 Hintze Center,,Baltimore,21216,zhonniebaley@slideshare.net,4107608567
590,Fay Huels and Morissette,35,9 Springview Plaza,Room 111,Fargo,58106,hmcnirlanez@behance.net,7011785924
591,Lueilwitz Yost and Mayert,34,8238 Thierer Hill,,Winston Salem,27116,dvandrielf0@mashable.com,3369859207
592,Kerluke Group,7,4 Cambridge Pass,,Danbury,06816,npymarf1@newsvine.com,2034030086
593,Kertzmann-Hartmann,10,116 Vernon Center,,Miami,33153,lpilmoref2@yelp.com,7862700609
594,Prohaska Group,14,65975 Eastwood Terrace,Apt 1724,Peoria,61640,twillougheyf3@timesonline.co.uk,3099193551
595,Bradtke-McClure,47,50 Mccormick Point,,Arlington,22217,amaffyf4@zimbio.com,5718695030
596,Stracke-Funk,44,1445 Helena Terrace,,San Antonio,78230,kwildboref5@shinystat.com,8306643897
597,O'Connell-Tromp,36,72 Bunting Place,,Akron,44321,dclemendetf6@jigsy.com,3309362181
598,Reichert Harber and Morissette,26,88346 Luster Street,Suite 19,Columbia,65211,gdelayglesiaf7@mozilla.org,5736943130
599,Towne Inc,5,4678 Buell Circle,,San Jose,95123,rfellowsf8@dropbox.com,4086795114
600,Kassulke Christiansen and Prosacco,43,4 Roth Park,Suite 46,Chattanooga,37405,cbailf9@geocities.jp,4234335753
601,Dare LLC,23,8216 Ruskin Plaza,,Grand Rapids,49518,mdemicofa@1688.com,6167182075
602,Stracke LLC,5,89412 Laurel Point,19th Floor,Sacramento,95828,aavrashinfb@mediafire.com,9166006280
603,Lueilwitz Larson and Tillman,5,6 Sage Court,,Long Beach,90847,arushbyfc@goodreads.com,5621384301
604,MacGyver-Fisher,6,96304 Susan Pass,Apt 1155,Colorado Springs,80905,pgraystonfd@dion.ne.jp,7199429204
605,Marks-Murray,43,1655 Beilfuss Parkway,13th Floor,Nashville,37228,jharkessfe@webnode.com,6153729775
606,Volkman-Schneider,5,7042 Londonderry Trail,,Stockton,95219,sclellff@cisco.com,2094093472
607,Volkman-Stanton,51,3 Grayhawk Park,17th Floor,Cheyenne,82007,jleafg@instagram.com,3079628191
608,Blick-Daugherty,3,0 Johnson Road,Room 1713,Phoenix,85015,msmorthitfh@time.com,4802689144
609,Sipes Inc,44,9592 Warrior Court,PO Box 93968,Houston,77095,fbuttrumfi@cpanel.net,2819259119
610,Weissnat-Hyatt,44,2 Florence Circle,,Houston,77212,ghallickfj@123-reg.co.uk,7137158857
611,McKenzie LLC,9,73 Surrey Alley,,Washington,20016,ppavlasekfk@indiegogo.com,2026549792
612,Stoltenberg Inc,11,179 Jenna Point,Apt 613,Atlanta,31132,adeblingfl@cafepress.com,4041800849
613,Kub-Jaskolski,44,5095 Sheridan Alley,,Denton,76210,cbansalfm@google.com.au,9725506743
614,Bosco Inc,1,07217 Annamark Court,PO Box 29545,Birmingham,35279,bwimletfn@thetimes.co.uk,2056122763
615,Dicki Kerluke and Orn,22,0 Autumn Leaf Street,,Boston,02114,igettyfo@etsy.com,8573195410
616,Spencer-Walsh,47,63157 Atwood Lane,PO Box 54106,Roanoke,24034,lmatyukonfp@typepad.com,5405375635
617,Prohaska Rempel and Kassulke,11,52168 Surrey Circle,19th Floor,Atlanta,30375,rrawesfq@sciencedirect.com,4048206619
618,Luettgen and Sons,23,00 Garrison Plaza,,Detroit,48206,ogouleyfr@plala.or.jp,8108961021
619,Satterfield-Bogan,4,9230 Coolidge Park,8th Floor,Little Rock,72215,llemmefs@typepad.com,5016660618
620,Stroman Group,19,81168 Prentice Plaza,Apt 1512,Shreveport,71130,lcoolingft@princeton.edu,3186749832
621,Kutch Fahey and Schiller,47,48 Coolidge Road,,Manassas,22111,hiuoriofu@thetimes.co.uk,4343916277
622,Jast Inc,1,80342 Springview Street,,Birmingham,35215,etwellfv@un.org,2051957219
623,Reichel-Parker,3,609 Glacier Hill Way,PO Box 34957,Mesa,85210,jcornewfw@php.net,6028571904
624,Runolfsson Wuckert and Toy,34,825 Glacier Hill Pass,,Charlotte,28284,agellionfx@topsy.com,7049323583
625,Roob-Wilkinson,9,4752 Haas Hill,PO Box 41290,Washington,20470,cgavahanfy@virginia.edu,2022415969
626,Haag Nienow and Littel,10,96535 Bowman Road,PO Box 6551,Jacksonville,32244,emarikhinfz@wisc.edu,9042073492
627,Jacobson Hoppe and Mayert,5,454 Milwaukee Pass,,Sacramento,95833,bjuckesg0@nyu.edu,5301077830
628,Jones LLC,36,17349 Onsgard Junction,Room 1520,Dayton,45432,alordeng1@pen.io,9371094773
629,Sipes-Homenick,29,11 Mayer Road,PO Box 59270,Henderson,89074,akleinertg2@themeforest.net,7022317326
630,Schmeler-Ferry,44,4 Nancy Plaza,,Longview,75605,hrodwellg3@phoca.cz,9038013198
631,Denesik Greenfelder and Koepp,48,3 Waywood Court,,Tacoma,98405,esamettg4@sakura.ne.jp,2539283655
632,Hayes Group,48,104 Eastlawn Place,14th Floor,Tacoma,98464,csignorellig5@apple.com,2535053811
633,Kessler Group,23,6696 Brown Place,,Muskegon,49444,ndoghartieg6@blogspot.com,2313786799
634,Glover Klocko and Davis,33,304 Carey Road,,Jamaica,11499,vprimmerg7@imageshack.us,2127651588
635,Roob Group,15,7 Hermina Lane,18th Floor,Evansville,47719,franvoiseg8@com.com,8128193723
636,Ritchie Hintz and Muller,10,5849 Towne Park,,Miami,33261,pingledowg9@scientificamerican.com,3051942486
637,Fisher-Willms,31,10572 Carberry Lane,Room 1798,Trenton,08619,treveningga@typepad.com,6093375625
638,Beier Group,1,062 Superior Terrace,PO Box 81871,Huntsville,35810,rsappygb@goo.gl,2567419330
639,Mertz-Ernser,21,61571 Johnson Hill,,Gaithersburg,20883,gburrasgc@senate.gov,2406962798
640,Ziemann Bogisich and Tillman,5,62 Eagle Crest Street,PO Box 63555,North Hollywood,91606,lrackhamgd@exblog.jp,3231651604
641,Russel-Pouros,44,3 South Pass,,Houston,77045,epyrtonge@wsj.com,7133123524
642,Walsh Inc,39,182 Dakota Center,Room 474,Pittsburgh,15261,koconnorgf@disqus.com,4122519777
643,Lueilwitz LLC,26,733 Union Center,,Saint Joseph,64504,sgappergg@rakuten.co.jp,8165474322
644,Becker-Stokes,34,8817 Saint Paul Trail,7th Floor,Fayetteville,28305,nbengegh@elpais.com,9106331747
645,Schmeler Inc,15,787 Waxwing Court,Apt 504,Indianapolis,46295,tmcgillgi@youtube.com,3171227797
646,Wiza and Sons,2,88485 Prairie Rose Junction,12th Floor,Anchorage,99599,sdwellinggj@nps.gov,9078935169
647,Schowalter-Cassin,9,53 North Place,,Washington,20425,sfeatonbygk@ameblo.jp,2024195379
648,Dibbert-Gerhold,28,79999 Del Mar Terrace,,Omaha,68179,jgianullogl@unblog.fr,4027091037
649,King-Tillman,9,793 Red Cloud Circle,,Washington,20525,arowesbygm@tripadvisor.com,2022586865
650,Mosciski Deckow and Bergnaum,1,18062 Dennis Street,Suite 46,Huntsville,35895,gbitchenogn@bbb.org,2568166118
651,Jacobi Jast and Koelpin,21,713 Schmedeman Crossing,,Silver Spring,20910,tdundridgego@webeden.co.uk,2023493460
652,Runolfsson-Roob,37,244 Del Sol Junction,PO Box 4039,Tulsa,74193,kheinrichgp@is.gd,9183793683
653,Erdman Group,48,12 Laurel Street,,Seattle,98121,ltimlingq@imageshack.us,2061497469
654,Rau-Halvorson,3,244 Hagan Drive,PO Box 79920,Tucson,85725,ksherwoodgr@parallels.com,5203454615
655,Senger Inc,1,37176 Paget Crossing,,Birmingham,35210,gloudegs@tinypic.com,2051933830
656,Lindgren Group,22,5651 Center Junction,Apt 1944,Brockton,02405,labbegt@geocities.com,5085233689
657,Kautzer-Wisoky,5,2 Ronald Regan Plaza,7th Floor,San Jose,95123,reastwoodgu@tinyurl.com,4084457250
658,Halvorson Mertz and Murphy,5,269 Stephen Terrace,Room 1131,San Jose,95133,lgrafhomgv@comsenz.com,4081370040
659,Mitchell LLC,7,24 Toban Way,Apt 1426,Hartford,06183,mouldredgw@mysql.com,8602298835
660,Littel Inc,5,4991 Rigney Road,,Inglewood,90398,cpreshawgx@who.int,3106312182
661,Breitenberg Tromp and Maggio,3,02711 Thompson Center,,Tucson,85720,alarkingy@businessweek.com,5203894134
662,Berge LLC,14,8127 Old Shore Hill,Room 1899,Peoria,61635,pmacrieriegz@miitbeian.gov.cn,3095827327
663,Maggio and Sons,39,6 Maple Way,,Harrisburg,17121,eduvalh0@hibu.com,7176461434
664,Boyle DuBuque and West,3,7590 Birchwood Avenue,PO Box 5865,Tucson,85748,bdenormanvilleh1@dion.ne.jp,5202206475
665,Goodwin Runolfsdottir and Hirthe,48,5481 Ridgeview Circle,,Bellevue,98008,iarntzenh2@blogger.com,4256123916
666,Ebert Borer and Osinski,39,6286 Eagle Crest Lane,Apt 180,Bethlehem,18018,shawthorneh3@blinklist.com,2679753779
667,Jenkins Group,10,10267 Sage Terrace,Room 1248,Miami,33147,hmaestrinih4@twitter.com,3058194630
668,Ryan Tillman and Walsh,28,5 Nevada Lane,Suite 79,Omaha,68105,agreenhalfh5@nature.com,4027423768
669,Fisher Langosh and Hand,48,1738 Pepper Wood Crossing,,Seattle,98195,adearellh6@toplist.cz,2068106945
670,Hackett-Zieme,7,45335 Evergreen Hill,,Stamford,06905,frojah7@vk.com,2033691509
671,McLaughlin and Sons,19,241 2nd Trail,PO Box 43841,Baton Rouge,70820,ceccleshallh8@myspace.com,2255977811
672,Schiller-Luettgen,36,38271 Village Alley,,Mansfield,44905,vmcwhinnieh9@geocities.com,4196331234
673,Morissette Inc,45,5794 Independence Terrace,PO Box 5690,Salt Lake City,84130,hslarkha@tinyurl.com,8015806209
674,Breitenberg Schmitt and Jaskolski,10,77672 7th Point,,Zephyrhills,33543,afiddymonthb@china.com.cn,8136725489
675,Bosco and Sons,1,25 Jackson Road,Room 93,Birmingham,35290,bmargueritehc@nymag.com,2051355200
676,Marquardt Mayer and Reilly,5,6 Reindahl Plaza,,Redwood City,94064,vphilipeauxhd@sciencedirect.com,6501750488
677,Treutel and Sons,23,967 Gina Hill,4th Floor,Detroit,48295,kangelohe@themeforest.net,3133049658
678,Lehner Group,29,7438 Bultman Place,Room 766,Henderson,89012,rwahlberghf@rambler.ru,7026534678
679,Herzog-Deckow,24,46 Hagan Circle,PO Box 38826,Minneapolis,55458,uscourgehg@amazon.de,6127927313
680,Barton and Sons,24,656 Cardinal Court,Room 99,Young America,55573,dmanjinhh@google.fr,9529252562
681,Moen-Kulas,22,1 Northridge Pass,,Boston,02203,gmacnaughtonhi@qq.com,6179897679
682,Haag Group,41,332 4th Trail,,Spartanburg,29319,gashhj@squarespace.com,8648554920
683,Veum Flatley and Harris,24,9271 Barnett Trail,Room 191,Young America,55573,wbraitlinghk@symantec.com,9523725684
684,Nienow and Sons,44,7480 Pawling Street,,Austin,78737,mbonevanthl@businessinsider.com,5126665220
685,O'Connell-Gorczany,44,5 Clarendon Road,Apt 1980,Amarillo,79176,cdiddamshm@tiny.cc,8064951903
686,Hartmann Group,43,14374 Lotheville Pass,Suite 77,Nashville,37240,trisebrowhn@sciencedirect.com,6153183757
687,Nicolas Sauer and Bayer,5,823 Eagan Court,,Stockton,95298,dpendellho@aboutads.info,2091856459
688,Parker Lynch and Mayert,19,19871 Calypso Way,,Monroe,71213,aguidonehp@livejournal.com,3181404048
689,Wilkinson Pacocha and Gutkowski,11,41 Commercial Avenue,,Atlanta,30386,icogzellhq@github.io,4043785889
690,Quitzon Daugherty and Schinner,16,4 Golden Leaf Drive,2nd Floor,Sioux City,51110,grambauthr@mozilla.org,7128495807
691,Roberts-Barton,33,438 Logan Alley,PO Box 26348,Jamaica,11447,aknoleshs@google.de,9179990869
692,White-Koepp,33,03 Dottie Way,,New Hyde Park,11044,bedyht@sun.com,5166813735
693,Mills Windler and Bergstrom,43,573 Armistice Crossing,,Knoxville,37914,ihuehu@jimdo.com,8653955381
694,Bahringer Inc,33,6 Lien Place,,Rochester,14646,nscasehv@newyorker.com,5853196280
695,Connelly LLC,45,9 Mcguire Point,,Salt Lake City,84199,bplentyhw@biglobe.ne.jp,8014032760
696,McClure-Schulist,26,29 Hanover Lane,Room 513,Kansas City,64130,abarzhx@topsy.com,8166003918
697,Gerhold LLC,44,3739 Springs Crossing,Suite 10,San Antonio,78250,dgoodhayhy@uiuc.edu,2103524430
698,Hahn-Wisoky,21,23 Waubesa Street,2nd Floor,Gaithersburg,20883,swoolstonhz@amazonaws.com,2409883551
699,Steuber Hettinger and Legros,9,17 Dryden Center,,Washington,20380,mlagneauxi0@ycombinator.com,2029988832
700,Ferry-Medhurst,5,94180 Heath Circle,3rd Floor,Los Angeles,90189,dmoughtoni1@statcounter.com,2132952954
701,Gorczany LLC,10,8 Doe Crossing Alley,Suite 78,Jacksonville,32236,ahardimani2@friendfeed.com,9043009073
702,Lowe-Kessler,44,7 Saint Paul Hill,Room 1989,Texarkana,75507,darangyi3@dmoz.org,9037015853
703,Brown-Wisozk,39,97 Hazelcrest Court,,Philadelphia,19125,jilsleyi4@sakura.ne.jp,2153250834
704,Schmeler Schuppe and Rowe,19,97 Riverside Street,,Shreveport,71105,bmatissoffi5@ed.gov,3189728397
705,Auer LLC,17,107 New Castle Pass,,Topeka,66617,dglaysheri6@ning.com,7852666830
706,Marks Group,31,0 Sachtjen Park,,Trenton,08619,maherni7@state.gov,6099495610
707,Borer and Sons,39,8214 Rowland Circle,,Pittsburgh,15261,mbenedttii8@newsvine.com,4123367153
708,Bartell Franecki and Marquardt,5,5056 Del Mar Park,13th Floor,Pasadena,91103,dmaeeri9@sbwire.com,3239831013
709,Stamm Senger and Satterfield,33,539 Vahlen Court,,Elmira,14905,kcometsonia@bbc.co.uk,6072331274
710,Rosenbaum Inc,25,1 Sheridan Alley,Room 1720,Jackson,39282,rhemsteadib@tiny.cc,6013726503
711,Goyette LLC,17,12107 Acker Center,Room 175,Topeka,66611,tchanteric@yelp.com,7852576072
712,McKenzie-Mertz,41,4079 Acker Point,Room 626,Columbia,29208,amingetid@gnu.org,8037981167
713,Frami Labadie and Padberg,13,68 Novick Pass,,Boise,83705,mcastellettiie@ehow.com,2089951533
714,Hermiston Wyman and Schaden,35,33 Nobel Parkway,Apt 1667,Grand Forks,58207,cchasmoorif@huffingtonpost.com,7011823135
715,Bayer Reilly and Rowe,11,7 Alpine Avenue,,Atlanta,30336,tpittawayig@nationalgeographic.com,4046272211
716,VonRueden Group,44,7887 Forster Circle,,Dallas,75241,cbeveridgeih@nih.gov,4693519992
717,Johns-Weimann,9,3363 Mariners Cove Plaza,,Washington,20067,gtarteii@bbc.co.uk,2028109851
718,Bruen-Will,39,6630 Steensland Park,PO Box 5171,Philadelphia,19191,sburvillij@nsw.gov.au,2156006185
719,Fisher-Hudson,37,0871 Pawling Street,Suite 2,Oklahoma City,73124,rlindenbaumik@paginegialle.it,4058116123
720,Kilback Hammes and Haley,23,3 Armistice Way,Room 1734,Kalamazoo,49048,eledwidgeil@dailymotion.com,5174724772
721,Collier-Terry,5,3987 Aberg Road,,Sacramento,95813,swarbysim@craigslist.org,9167613830
722,Schimmel Kuhlman and Ritchie,5,6 Erie Parkway,,San Francisco,94154,gdenajerain@oracle.com,4156399192
723,Rodriguez Pfannerstill and Emard,5,53650 5th Pass,8th Floor,Los Angeles,90005,blumsdenio@oakley.com,3101075665
724,Johnson Inc,39,95 Maryland Junction,,Erie,16510,gheimsip@sciencedaily.com,8141429828
725,Bahringer Ullrich and MacGyver,23,6540 Melby Avenue,Room 1467,Lansing,48919,dmccaffreyiq@disqus.com,5173771113
726,Green and Sons,33,7 Eagle Crest Trail,PO Box 74314,Brooklyn,11241,akahaneir@springer.com,3473430930
727,Beier Mills and Donnelly,10,7573 Lindbergh Parkway,,Jacksonville,32215,ckissockis@wp.com,9041865778
728,Kautzer Inc,5,730 Golf Course Lane,,Santa Cruz,95064,agalloneit@wikipedia.org,8316136003
729,Kerluke LLC,7,7 Clyde Gallagher Way,,West Hartford,06127,abelchamberiu@forbes.com,8605570378
730,Anderson-Hauck,6,82619 Gerald Alley,7th Floor,Colorado Springs,80930,mreisenbergiv@wp.com,7198449848
731,Treutel and Sons,33,65979 Randy Way,PO Box 75437,Bronx,10459,hmaccarteriw@cocolog-nifty.com,9172142756
732,Greenholt-Emard,11,55930 Manitowish Terrace,Apt 952,Gainesville,30506,dsantoix@samsung.com,4041053343
733,Hane Daniel and Nolan,44,8 Bunker Hill Park,9th Floor,Bryan,77806,oscobleiy@domainmarket.com,9796012855
734,Huels Torp and Nienow,1,3211 Vernon Trail,,Birmingham,35236,nbenettiniiz@ihg.com,2055489677
735,Flatley Inc,33,620 Ronald Regan Court,,Brooklyn,11231,amccardlej0@independent.co.uk,7188865275
736,Muller LLC,28,889 Fremont Junction,,Omaha,68124,mmurrigansj1@google.co.jp,4028873845
737,Barton-Ruecker,49,90 Fieldstone Pass,,Huntington,25716,emacounj2@reverbnation.com,3043571842
738,Stamm-Stamm,10,02629 Mitchell Park,Suite 37,Fort Lauderdale,33336,ldegregorioj3@freewebs.com,7547339602
739,Beatty-Mraz,19,9 Welch Way,,Baton Rouge,70805,bcundictj4@businesswire.com,2251207416
740,Keebler Kerluke and Johnson,48,84 2nd Terrace,Apt 1817,Seattle,98109,pellyattj5@redcross.org,3602419883
741,Greenfelder Group,33,964 Kedzie Junction,,Mount Vernon,10557,cdyzartj6@phpbb.com,9145926672
742,Metz and Sons,10,8843 Namekagon Crossing,Apt 1256,Tampa,33680,jgeraldoj7@boston.com,8136596383
743,Blick-Jacobs,10,74233 Calypso Hill,Suite 75,Orlando,32819,hguitej8@google.es,9415910831
744,Jones Ortiz and Bayer,43,91043 Miller Point,,Chattanooga,37405,anorledgej9@timesonline.co.uk,4238208838
745,Greenfelder Mann and Weber,47,2600 Bartillon Drive,PO Box 9715,Arlington,22212,wfalkusja@xing.com,5711364848
746,Zulauf Rowe and Hackett,5,7 Declaration Way,Room 195,Fresno,93740,aratnagejb@scientificamerican.com,5591924678
747,Rippin Hackett and Leannon,48,8 Knutson Park,,Seattle,98127,jcurrojc@seesaa.net,2064723296
748,O'Connell-Satterfield,3,9836 Corry Drive,10th Floor,Phoenix,85083,bdempseyjd@seattletimes.com,6026560837
749,Lemke Kuhn and Cole,29,94740 Farmco Pass,Suite 12,Carson City,89714,abeersje@admin.ch,7753830488
750,Harris Goodwin and Armstrong,7,67 Brickson Park Way,,Waterbury,06726,jbeckfordjf@xinhuanet.com,2031665195
751,Gulgowski-Williamson,28,6 Morning Center,8th Floor,Lincoln,68583,sblundanjg@wisc.edu,4023056065
752,Gibson Predovic and Kautzer,9,7046 Warner Parkway,,Washington,20016,brojeljh@scientificamerican.com,7035272285
753,Stark and Sons,33,29 Eagle Crest Plaza,,New York City,10170,fkeepji@simplemachines.org,6466361211
754,Schaefer-Larkin,23,682 Havey Park,,Detroit,48267,gdoudneyjj@businessweek.com,3134788596
755,Kling-Toy,50,81 Grayhawk Park,PO Box 75483,Green Bay,54313,credholejk@nydailynews.com,9202028003
756,Schamberger Mosciski and Zieme,48,3 Fallview Park,Suite 7,Bellevue,98008,tranyelljl@about.com,2066740579
757,Raynor Bradtke and Altenwerth,4,7 Hermina Avenue,Room 796,North Little Rock,72118,rclarabutjm@dagondesign.com,5017989508
758,Feil Group,44,31082 Londonderry Circle,8th Floor,Wichita Falls,76305,kbeathemjn@nba.com,9405188350
759,Nicolas-Yundt,44,2119 Russell Road,,Austin,78710,evotierjo@issuu.com,5124736988
760,Altenwerth Schoen and Frami,5,6674 Dahle Hill,,Richmond,94807,loclearyjp@constantcontact.com,5107716938
761,Kovacek-Metz,36,672 Goodland Trail,,Dayton,45403,tmessengerjq@admin.ch,9372681184
762,Haag Aufderhar and Ortiz,38,4 Hollow Ridge Place,Suite 46,Portland,97201,smerigeaujr@dailymail.co.uk,9717360395
763,Reichert Inc,49,0 Prentice Circle,,Huntington,25775,tsowerbuttsjs@surveymonkey.com,3047371957
764,Ullrich and Sons,23,65672 Kingsford Road,,Grand Rapids,49560,nmanginotjt@cdbaby.com,6163861764
765,Ruecker Hermann and Bashirian,10,246 Nancy Hill,Apt 397,Jacksonville,32215,khelleckasju@blogtalkradio.com,9047084895
766,Lubowitz-Zieme,10,61 Continental Court,,Jacksonville,32236,dgeocklejv@pen.io,9046939171
767,Fay-Ortiz,33,086 Dryden Circle,,Albany,12222,kstookjw@shareasale.com,5183385647
768,Rolfson-Luettgen,15,34 Acker Pass,,Fort Wayne,46852,mcasleyjx@ocn.ne.jp,2609805870
769,Barton and Sons,24,0 Lindbergh Place,Suite 14,Saint Paul,55108,bklussjy@issuu.com,6124972919
770,Rohan-Nienow,5,5 Hooker Way,,San Jose,95123,fbramejz@printfriendly.com,4085871894
771,Cassin Effertz and DuBuque,7,11376 Anzinger Park,4th Floor,West Hartford,06127,cferrottik0@google.co.uk,8609089945
772,Jast Rau and Kulas,49,06343 Kedzie Street,Suite 33,Charleston,25362,mshoebothamk1@nydailynews.com,3044707097
773,Von Inc,6,51770 Tennyson Trail,,Boulder,80305,kjacqueminetk2@so-net.ne.jp,7203724508
774,Moore-Oberbrunner,47,945 Eliot Lane,,Roanoke,24024,bleydenk3@constantcontact.com,5403912492
775,Prohaska-Quigley,21,93467 Muir Circle,,Hagerstown,21747,kgrimsellk4@networksolutions.com,2401079669
776,Schuster Hoppe and White,44,64461 Esch Court,Suite 5,Longview,75605,tmallank5@artisteer.com,9036019840
777,DuBuque-Yost,11,06 Elka Way,,Marietta,30066,pduckeringk6@timesonline.co.uk,6785169897
778,Herman and Sons,9,2893 Bartelt Way,,Washington,20067,hparbrookk7@uol.com.br,2027999280
779,Bernhard-Bahringer,33,753 Warrior Lane,,Syracuse,13217,kbilfootk8@dell.com,3153560702
780,Terry-Kihn,9,48 Mendota Park,,Washington,20036,mhedderlyk9@opensource.org,2027989341
781,Hand Group,3,650 Oak Valley Drive,,Phoenix,85020,jprayerka@etsy.com,4802080253
782,Veum-O'Reilly,5,7 Hanson Way,,San Jose,95133,tcastanakb@engadget.com,4089095523
783,Lebsack Inc,44,3 Cherokee Street,Suite 2,Fort Worth,76105,netonkc@youtube.com,8173816325
784,Rutherford-Harvey,44,03140 Lillian Plaza,,Houston,77271,gjurgenkd@yellowbook.com,7136701990
785,Kunde Heaney and O'Keefe,5,1 Mifflin Point,,Brea,92822,wpenvardenke@dailymotion.com,7145923452
786,Little Group,43,42 Prentice Court,,Nashville,37245,cmattkf@economist.com,6152628741
787,Bogisich Group,4,38293 Ridgeway Hill,,Little Rock,72231,foxboroughkg@si.edu,5019781185
788,Littel-Sawayn,10,666 Shasta Plaza,,Lakeland,33811,mpontinkh@pagesperso-orange.fr,8633776368
789,Kiehn-Thiel,39,8355 Carberry Place,Room 47,Philadelphia,19141,odilletki@examiner.com,2158930464
790,Muller Hagenes and Considine,24,887 Stone Corner Crossing,Room 1432,Saint Paul,55108,gwootonkj@mayoclinic.com,6126633059
791,Hilll Hills and Ledner,19,6 Hovde Park,,Shreveport,71130,lpedlowkk@devhub.com,3188219891
792,Kessler and Sons,6,506 Melvin Crossing,10th Floor,Denver,80228,rhanhardkl@feedburner.com,3036258251
793,Metz Inc,19,51 Green Ridge Circle,,Metairie,70033,mthroughtonkm@yolasite.com,5043894051
794,Bayer-Wolff,19,6 Ridgeview Hill,,Shreveport,71105,gtoffaninikn@1und1.de,3189730227
795,Kautzer O'Conner and Conn,41,85100 Ruskin Street,20th Floor,Myrtle Beach,29579,jloucheko@illinois.edu,8432940533
796,Baumbach Group,47,84 Holy Cross Junction,,Norfolk,23551,apettokp@ow.ly,7573422116
797,Corwin and Sons,10,03 Anderson Way,Apt 106,Punta Gorda,33982,ymeredythkq@ft.com,9414039621
798,Schaefer Group,44,60649 Declaration Parkway,Suite 96,El Paso,88546,cemanuelekr@nih.gov,9152974658
799,Heaney Haag and Wilkinson,24,298 Menomonie Junction,PO Box 37362,Minneapolis,55470,cuppettks@cyberchimps.com,6123192027
800,Feil and Sons,22,437 Spohn Parkway,PO Box 59988,Lynn,01905,ecasettikt@mysql.com,3398855037
801,Macejkovic Rath and Sawayn,38,5 Brown Park,Apt 254,Portland,97206,sfeldhuhnku@github.com,5032606302
802,Roberts-Schiller,39,36412 Oneill Trail,Apt 641,Harrisburg,17105,pgrinterkv@artisteer.com,7179982345
803,Littel Hickle and Bashirian,24,7 Meadow Ridge Avenue,,Minneapolis,55402,amowsdellkw@indiegogo.com,6518597986
804,McCullough Schimmel and Veum,17,7841 High Crossing Lane,,Wichita,67236,dtebbutkx@acquirethisname.com,3162295964
805,Kling-Herman,5,49235 Pierstorff Court,7th Floor,Huntington Beach,92648,cashallky@fema.gov,7144722896
806,Reinger Group,1,4403 Gateway Crossing,,Birmingham,35225,eshelpkz@simplemachines.org,2055848514
807,Schroeder Wehner and Bashirian,47,8773 Dennis Hill,Room 313,Manassas,22111,mbassol0@mac.com,4345191592
808,Deckow Inc,44,6580 Walton Hill,PO Box 6192,San Antonio,78235,lwallentinl1@samsung.com,2107345467
809,Macejkovic Cummerata and Feil,5,8900 Carpenter Lane,Suite 20,Pasadena,91186,rmulcasterl2@sourceforge.net,6262849675
810,Walsh-Johns,48,34 Burning Wood Circle,,Seattle,98140,oosgardbyl3@discovery.com,4251763893
811,Russel-Stamm,47,15879 Eastwood Center,,Richmond,23289,mpiscopol4@hp.com,8044581121
812,Anderson Macejkovic and Bauch,33,04 Moulton Pass,,New York City,10249,llordl5@tmall.com,2127756062
813,Howell and Sons,9,26878 Northland Place,,Washington,20456,tgergusl6@tinyurl.com,2028700439
814,Ward Collier and Rath,6,83 Sachtjen Trail,,Denver,80209,hmacilhenchl7@ehow.com,7201118355
815,Swift Legros and Wisoky,33,636 Di Loreto Pass,Suite 13,White Plains,10633,hjerroltl8@e-recht24.de,8451365209
816,Hickle-Harris,33,43 Kings Park,Room 1584,New York City,10270,ikeileyl9@creativecommons.org,7189213582
817,Sporer Lowe and Herman,11,63272 Carioca Trail,,Atlanta,31106,kwilprechtla@tuttocitta.it,4042366647
818,Klein-Robel,10,43 Montana Court,Suite 95,Naples,34102,smulberrylb@odnoklassniki.ru,2398812535
819,Harris Parker and Gerhold,18,4 Tony Center,,Lexington,40591,fneiluslc@friendfeed.com,8591360851
820,Johns Ebert and Ferry,26,4704 Butterfield Hill,,Kansas City,64101,msawleld@123-reg.co.uk,8167554567
821,Kertzmann Roob and Ledner,36,03 Barnett Parkway,Room 1536,Columbus,43226,afiggele@walmart.com,6143820984
822,Keebler LLC,48,755 Quincy Crossing,PO Box 66950,Spokane,99215,wdraperlf@livejournal.com,5097067534
823,Kunde Mitchell and O'Reilly,44,85587 Fair Oaks Parkway,3rd Floor,Houston,77020,adannohllg@xing.com,7134878095
824,Pagac Fahey and Considine,5,607 Eagan Terrace,,Oakland,94616,lbrunrothlh@symantec.com,5107951642
825,Monahan and Sons,23,09134 Alpine Parkway,Apt 1545,Lansing,48930,ttickli@angelfire.com,5175307121
826,Powlowski Inc,15,73 Vahlen Avenue,PO Box 48630,Indianapolis,46247,valbinsonlj@ocn.ne.jp,3174091942
827,McCullough LLC,39,605 5th Street,Room 178,Lancaster,17622,dlindelllk@domainmarket.com,7177164716
828,Adams-Connelly,36,57255 Mifflin Center,PO Box 92896,Cleveland,44130,ulavalliell@reuters.com,2166963659
829,Conroy Group,5,629 Anzinger Drive,,Fresno,93794,pmonginlm@redcross.org,5594930256
830,Waters Inc,1,21 Delaware Pass,,Huntsville,35805,rshriveln@dailymail.co.uk,2561318762
831,Bahringer-Windler,34,1332 Del Sol Center,,Gastonia,28055,kbohmanlo@timesonline.co.uk,7041305539
832,Pfannerstill-Kunde,23,19433 Waywood Place,,Southfield,48076,zmacnaughtonlp@dedecms.com,3133856700
833,Schmeler-Bartoletti,44,06285 Talisman Lane,,El Paso,88519,lonolanlq@narod.ru,9152200889
834,Hauck LLC,5,9821 Nevada Pass,,Huntington Beach,92648,hotterylr@guardian.co.uk,5627307036
835,Harvey Parisian and Simonis,26,6283 Grim Avenue,Room 1598,Saint Louis,63150,nendecottls@tiny.cc,3149812916
836,Rice LLC,44,026 Stang Crossing,Apt 1738,Lubbock,79491,tdaubenylt@miibeian.gov.cn,8067617774
837,Quigley and Sons,33,8 Jenna Alley,PO Box 24321,New York City,10034,aleinsterlu@washingtonpost.com,6463030284
838,Bradtke Ledner and Schowalter,11,5070 Luster Circle,Apt 1435,Lawrenceville,30045,bwhalelv@yelp.com,7702163033
839,Leffler Kertzmann and Connelly,10,658 Arrowood Hill,,Orlando,32868,apalleskelw@bigcartel.com,4076448360
840,Dooley-Herzog,50,7 Nancy Avenue,,Madison,53705,vcantulx@chronoengine.com,6084052004
841,Williamson-Torphy,1,4231 Erie Alley,,Tuscaloosa,35405,msouthwayly@webeden.co.uk,2051859403
842,Walter Goldner and Murphy,28,999 Fair Oaks Center,,Lincoln,68524,screaserlz@amazon.com,4022670473
843,Berge-Kirlin,24,4 Mayfield Place,,Minneapolis,55446,clovstromm0@geocities.jp,9529949762
844,Pacocha LLC,10,43 Charing Cross Trail,Apt 1568,Miami,33190,ltailbym1@sciencedirect.com,3056434044
845,Cormier-Quigley,50,80605 West Pass,Apt 678,Milwaukee,53277,ppontingm2@php.net,4141036357
846,Konopelski Grady and Legros,33,04824 Duke Center,,Flushing,11388,dklazengam3@addtoany.com,9175069998
847,Reinger-McClure,33,3 Garrison Point,,Great Neck,11024,jdowtym4@howstuffworks.com,5164907890
848,McClure Wunsch and Dooley,2,43672 Independence Alley,Apt 1664,Anchorage,99517,vrichlym5@adobe.com,9073988859
849,Breitenberg Abernathy and Pollich,2,1 Truax Pass,,Anchorage,99599,erheamm6@wiley.com,9074850145
850,Beer Group,11,4083 Barnett Avenue,,Savannah,31422,cgrazierm7@booking.com,9121292111
851,Leuschke Smith and Parker,10,4201 Nancy Court,Suite 39,Seminole,34642,tgrigoryovm8@earthlink.net,9416931630
852,Cassin Group,43,2047 Butternut Road,,Murfreesboro,37131,pcarnamanm9@toplist.cz,6156965224
853,Williamson-Dach,28,887 Rockefeller Trail,Room 333,Lincoln,68517,strimema@state.gov,4028194371
854,Ullrich-Grant,24,065 Del Mar Center,7th Floor,Minneapolis,55446,zgalfourmb@blogger.com,9529519158
855,Armstrong Group,26,79520 Beilfuss Crossing,,Saint Louis,63136,bdimariamc@arstechnica.com,3143626922
856,Cartwright-Raynor,5,39900 North Alley,,Sacramento,95838,bdraycottmd@google.com.hk,9163564372
857,Waters-Hyatt,7,2 Spaight Point,Room 1219,New Haven,06520,eballhamme@meetup.com,2033507316
858,Rice Inc,37,78480 Westerfield Court,,Tulsa,74116,rrogetmf@amazon.co.uk,9187720898
859,Gutkowski LLC,3,8 Longview Parkway,,Phoenix,85020,gloughnanmg@tumblr.com,4804323405
860,Okuneva-Wolff,14,49 Clarendon Court,,Chicago,60657,svinemh@odnoklassniki.ru,7737856968
861,Sawayn Inc,48,9288 Maple Place,,Vancouver,98687,oalessandrellimi@addthis.com,3609142298
862,Brakus McKenzie and Corkery,16,79 Green Alley,,Des Moines,50330,cgrollmj@tmall.com,5155259985
863,Ferry Walsh and Nikolaus,5,969 Gateway Way,PO Box 54604,Lancaster,93584,asesonmk@un.org,6616996668
864,Bauch Frami and Rutherford,24,3 Drewry Court,,Saint Cloud,56372,arockliffeml@paypal.com,3207723386
865,Ratke Spencer and Windler,39,5713 Hansons Place,Apt 513,Philadelphia,19104,acrampmm@lulu.com,2679309233
866,Zulauf-Runolfsson,36,107 Hagan Way,,Dayton,45419,wboyenmn@usnews.com,5134845940
867,Kovacek and Sons,36,41329 6th Way,6th Floor,Columbus,43226,fbroseniusmo@ucoz.ru,6141675602
868,Robel-Lynch,24,12 Grim Court,,Minneapolis,55402,sfourmanmp@scribd.com,7639208364
869,Waelchi-Homenick,44,531 Warrior Parkway,Room 1341,Waco,76796,snaylormq@dailymail.co.uk,2542907599
870,Pacocha-Stokes,36,3 Rieder Court,,Akron,44305,acraythornmr@bizjournals.com,3309397051
871,Marks Inc,36,22260 Packers Alley,,Cincinnati,45243,acollarms@hostgator.com,5139273517
872,Brekke-O'Reilly,36,5461 Stoughton Avenue,,Cincinnati,45218,atattoomt@loc.gov,5131543577
873,Leannon Inc,29,2 Wayridge Point,,Sparks,89436,fbernardeschimu@github.com,7757337718
874,Marquardt and Sons,44,5575 Bayside Court,Suite 20,Dallas,75372,pminkermv@tiny.cc,2148616888
875,Farrell-Kessler,3,3714 Toban Road,Room 1273,Tucson,85715,plongstaffmw@symantec.com,5204166109
876,Langosh-Kshlerin,44,46 Shasta Center,,Houston,77288,gstrahanmx@jalbum.net,7137521876
877,Cruickshank Green and Rolfson,7,739 Scofield Court,Room 102,New Haven,06533,mjosefsmy@alibaba.com,2031046479
878,Gutkowski Grant and Schroeder,9,51032 Garrison Hill,11th Floor,Washington,20022,ktonnesenmz@tumblr.com,2022503180
879,Weimann-Cronin,28,7512 Jenna Crossing,PO Box 75177,Lincoln,68583,dgilksn0@springer.com,4024196063
880,O'Kon-Wolf,44,123 Mockingbird Avenue,Room 1069,Austin,78726,jagneyn1@businessweek.com,5121506634
881,Kirlin Group,7,64 Hoffman Pass,14th Floor,Danbury,06816,areedickn2@gnu.org,2034317808
882,Emard and Sons,37,0 Bowman Court,Apt 1554,Tulsa,74103,mudeyn3@boston.com,9187932575
883,Satterfield Group,7,92799 Golf Parkway,Room 417,Bridgeport,06606,soheagertien4@usnews.com,2033984104
884,Pagac Bernier and Medhurst,1,9496 Sauthoff Street,,Montgomery,36114,wfrontczakn5@comcast.net,3349521401
885,Frami Volkman and Hickle,33,78 Prairie Rose Trail,Apt 1293,Buffalo,14210,bdymocken6@springer.com,7163907815
886,Feil Waters and Ledner,33,7 Cordelia Hill,Apt 1738,New York City,10014,wfransewichn7@i2i.jp,9175303968
887,Abshire Corwin and Predovic,47,13 Lotheville Center,,Richmond,23242,brawlln8@earthlink.net,8041339463
888,Wuckert and Sons,7,61 Farmco Pass,Apt 704,West Hartford,06127,mgeorgievn9@de.vu,8605331761
889,Pollich Inc,48,3 Lunder Alley,,Seattle,98175,mbiesingerna@noaa.gov,2068739726
890,Leuschke Lindgren and Howe,15,0851 Kennedy Way,3rd Floor,Evansville,47725,ylamingnb@csmonitor.com,8129694285
891,Brekke Group,47,740 Fair Oaks Lane,Suite 70,Roanoke,24024,ytinannc@unicef.org,5407638512
892,Bashirian-Fay,37,95575 Cottonwood Terrace,Suite 50,Oklahoma City,73142,psofend@51.la,4055443800
893,Nicolas-Lindgren,17,41276 Shelley Lane,Room 391,Topeka,66642,dgoldsne@ucsd.edu,7854521494
894,Price Jakubowski and Baumbach,5,36295 Holmberg Lane,,Ventura,93005,ajehannf@last.fm,8053560456
895,Cronin LLC,7,175 Pine View Place,2nd Floor,West Hartford,06127,hhustingsng@squidoo.com,8606369996
896,Tromp Bailey and Welch,44,9 Green Point,PO Box 45644,Austin,78778,rclacnh@histats.com,5124634633
897,Fisher Inc,10,514 Larry Parkway,Apt 331,Clearwater,34629,svaliantni@mysql.com,7273226175
898,Heidenreich-Bogan,1,8631 Homewood Park,,Mobile,36670,gyitshaknj@un.org,2515343742
899,Hirthe LLC,22,45 Ruskin Road,PO Box 6243,Boston,02283,ggorlernk@boston.com,9781068100
900,Emmerich Hudson and Cruickshank,48,9404 Glendale Alley,,Seattle,98127,gstoadnl@indiegogo.com,2066617789
901,Wyman and Sons,31,11 Bayside Parkway,,Trenton,08638,rcloutenm@wordpress.org,6098195962
902,Little Parisian and Littel,34,07 Gerald Park,,Raleigh,27615,slefeavernn@gizmodo.com,9192777075
903,McCullough LLC,22,490 Anthes Drive,Room 453,Lynn,01905,lmoorhouseno@sciencedaily.com,3394552930
904,Hand Inc,19,17537 Kensington Crossing,,Lake Charles,70616,mellamannp@shareasale.com,3375753041
905,Stiedemann-Koepp,9,71651 Summer Ridge Terrace,Apt 1448,Washington,20226,grigtsnq@cnet.com,2021490190
906,Bode Group,10,49 Oak Trail,17th Floor,Gainesville,32605,sgommesnr@php.net,3524509457
907,Fritsch Kshlerin and Heller,10,1337 Butternut Park,PO Box 39419,Miami,33164,dsilwoodns@histats.com,7862824293
908,Beahan-Howell,17,08 Jana Lane,,Wichita,67210,bfeehilynt@ox.ac.uk,3161373034
909,Greenholt-Satterfield,33,45516 Shasta Center,Room 557,Rochester,14639,vhaddicknu@usda.gov,5854293706
910,Miller and Sons,44,716 Algoma Junction,,Dallas,75397,htomaszeknv@nytimes.com,2141542768
911,Kemmer-Oberbrunner,10,268 Debra Place,11th Floor,Clearwater,34615,kdonnellannw@gravatar.com,7275006520
912,Beier Inc,10,13837 Sherman Avenue,Apt 1735,Punta Gorda,33982,kletteressenx@lycos.com,9417173306
913,Breitenberg Group,47,81520 Scott Parkway,Room 1877,Norfolk,23514,nhornungny@flavors.me,7575478762
914,Considine LLC,41,77818 Novick Road,Room 1665,Myrtle Beach,29579,pstenninenz@joomla.org,8435085531
915,Auer Langosh and Tillman,7,1 Fair Oaks Way,,New Haven,06520,fpoulneyo0@lulu.com,2032853248
916,Breitenberg Macejkovic and Anderson,4,646 Anniversary Point,,North Little Rock,72199,feddowo1@zimbio.com,5015266124
917,Barton Group,9,834 South Lane,Apt 191,Washington,20319,sgodlipo2@paypal.com,2025653704
918,Erdman Group,14,5 Milwaukee Pass,,Peoria,61605,spitwayo3@smugmug.com,3093320129
919,Berge LLC,10,0733 Westend Junction,,Jacksonville,32209,mhuggardo4@npr.org,9043187057
920,Prosacco LLC,26,6191 Starling Road,,Kansas City,64144,mtomasinoo5@51.la,8164474601
921,Kozey-Hoeger,5,1 Bobwhite Lane,Room 1571,Lancaster,93584,amagoro6@surveymonkey.com,6618594526
922,Friesen Inc,41,4 New Castle Avenue,,Greenville,29615,jhayeno7@dell.com,8645447283
923,Bashirian-Skiles,10,2736 Little Fleur Terrace,Room 471,Pensacola,32590,fbeardsallo8@mit.edu,8501174307
924,Kihn-Buckridge,44,5 Ludington Center,,Fort Worth,76129,rredshawo9@geocities.jp,8179840437
925,Dooley and Sons,10,268 Shoshone Way,,Homestead,33034,lnuddoa@shutterfly.com,3054812722
926,Pacocha-Borer,10,55 Mayfield Plaza,Apt 216,West Palm Beach,33421,dreadwinob@mtv.com,5617624500
927,Cassin Inc,5,96 Cardinal Center,PO Box 92113,Fresno,93786,soclearyoc@wix.com,5594692311
928,McClure-Kulas,44,57650 Kropf Lane,Apt 359,San Antonio,78285,kpelferod@bing.com,2104597512
929,Denesik Inc,44,7 Erie Pass,Apt 700,Austin,78744,marsmithoe@live.com,5123255460
930,Price Purdy and Predovic,5,49 Ruskin Junction,,Oakland,94605,hschwartzof@state.gov,5107862477
931,Howe-Zieme,12,93906 Iowa Place,,Honolulu,96810,mmorfieldog@blog.com,8081669090
932,Mueller Inc,10,7 Dorton Center,,Orlando,32868,jsandlandoh@webs.com,4073606028
933,Russel LLC,10,86 Fuller Point,,West Palm Beach,33411,ejeynesoi@twitpic.com,5615494730
934,Morissette-Schuster,17,21696 Dottie Avenue,Room 943,Topeka,66667,gflavertyoj@narod.ru,7859925079
935,Bruen-Runolfsdottir,7,49 Susan Court,,Danbury,06816,nguitonok@gov.uk,2032828972
936,Rogahn-Sawayn,19,32 Farwell Drive,,Metairie,70005,oharrellol@geocities.jp,5045627162
937,Schulist Monahan and Lesch,48,6 Bluestem Lane,8th Floor,Seattle,98115,bgonsaloom@meetup.com,4255112030
938,McClure Gorczany and Barrows,2,5590 Melrose Junction,,Anchorage,99512,awhappleon@bbb.org,9071179065
939,Zulauf and Sons,49,22 Mccormick Street,Suite 18,Charleston,25321,ljouloo@ning.com,3042410390
940,Smitham Will and Metz,33,4 Randy Plaza,PO Box 29131,New York City,10150,jdeferrarisop@exblog.jp,2126448163
941,O'Keefe-O'Conner,7,07 Leroy Drive,PO Box 88148,Waterbury,06705,bmerriganoq@twitpic.com,2037007830
942,Murphy-Cronin,10,13 Hagan Center,Suite 47,Pompano Beach,33069,hbalmadieror@mozilla.com,9549639048
943,Boyer-Mante,39,51 Old Shore Place,16th Floor,Pittsburgh,15255,vboichatos@creativecommons.org,4129582993
944,O'Conner Murray and Schmitt,7,10 International Circle,,Norwalk,06854,ajolyot@soundcloud.com,2034141024
945,Predovic-Adams,1,3 Saint Paul Center,,Huntsville,35815,aweedenburgou@cbsnews.com,2563040845
946,Ernser VonRueden and Johns,7,8 Stuart Terrace,,Waterbury,06726,hhenaughanov@nps.gov,2035655401
947,Homenick Inc,5,48 Sullivan Avenue,,Berkeley,94705,ychestersow@mit.edu,5106256787
948,Reynolds Daniel and Schimmel,44,82780 Annamark Trail,Room 305,Garland,75049,rsancroftox@mashable.com,2142746071
949,Doyle Group,10,520 Utah Court,Apt 1747,Fort Lauderdale,33336,zmitcheneroy@vkontakte.ru,7541877783
950,Jerde Windler and Satterfield,44,6977 Dunning Hill,,Corpus Christi,78415,gbullaroz@usatoday.com,3618311883
951,Mann Leffler and Lesch,10,9630 Kinsman Trail,Apt 1037,Fort Myers,33906,mtremmilp0@tumblr.com,2395047120
952,Hermiston-Heathcote,43,50 Loomis Drive,Suite 19,Nashville,37205,vsheehyp1@goo.ne.jp,6151804593
953,Beier-Miller,43,17 Mariners Cove Trail,20th Floor,Chattanooga,37410,ospurdenp2@arizona.edu,4237849189
954,Boyle and Sons,5,769 Stone Corner Crossing,Room 1310,Berkeley,94705,aodesonp3@posterous.com,5107664963
955,Kassulke and Sons,16,6567 Ludington Alley,,Des Moines,50310,gholtomp4@fotki.com,5157338508
956,Schaefer and Sons,33,7 Warrior Parkway,,New Hyde Park,11044,brigardeaup5@census.gov,5163667301
957,Frami Harvey and Heller,3,2966 Burning Wood Crossing,PO Box 77775,Mesa,85205,rmosdillp6@fda.gov,6025716859
958,Hahn-Hills,39,4818 Main Pass,Suite 21,Philadelphia,19136,fcurrinp7@ted.com,2157865543
959,Gleason Gislason and Kub,25,61576 Morningstar Junction,,Columbus,39705,fshallcrossp8@unesco.org,6623733053
960,Toy Harris and Hoppe,33,20 Shoshone Terrace,,Buffalo,14233,vvizorp9@samsung.com,7167653001
961,Pollich Heathcote and Funk,29,0891 Southridge Hill,,Las Vegas,89178,ndwyrpa@prweb.com,7021439150
962,Bins LLC,38,29 Coolidge Terrace,,Beaverton,97075,khobbingpb@studiopress.com,5032095238
963,Luettgen Green and Terry,48,7 East Plaza,,Seattle,98148,ddallapc@examiner.com,2069653134
964,Aufderhar-Kub,1,002 Pierstorff Trail,,Birmingham,35220,wibbersonpd@washington.edu,2055795187
965,Hoeger-Thiel,10,35778 Holmberg Center,,Cape Coral,33915,gwhitterpe@last.fm,2394278309
966,Bogisich Inc,36,675 Bunting Way,,Cleveland,44177,sgrenvillepf@google.it,4409271692
967,Lakin Johns and Trantow,5,5274 Pond Plaza,,Los Angeles,90025,bdudneypg@prnewswire.com,4246338267
968,Hermann Inc,44,55 Nancy Drive,Room 946,Houston,77055,hmammattph@cbslocal.com,7135192231
969,Sawayn O'Hara and Mertz,5,83101 Grasskamp Center,Suite 86,Bakersfield,93305,jhaydonpi@jalbum.net,8059876193
970,Yundt-Langosh,10,05 Upham Crossing,Room 1476,Bonita Springs,34135,rellwoodpj@telegraph.co.uk,9412699360
971,Glover-Little,48,32053 Corry Crossing,,Spokane,99205,rkofaxpk@163.com,5094435808
972,Klein Group,5,45 Di Loreto Trail,Suite 29,Huntington Beach,92648,amcgairlpl@histats.com,5629162671
973,Considine and Sons,34,573 Mosinee Trail,,Charlotte,28247,fmcgiffpm@last.fm,7044929186
974,Breitenberg Gorczany and Leannon,5,863 Main Drive,PO Box 13116,Van Nuys,91499,eplacstonepn@google.com.hk,2131451238
975,Lesch Inc,44,4782 Sauthoff Street,PO Box 31217,San Antonio,78225,nedworthiepo@alexa.com,2107788599
976,D'Amore-Schulist,14,896 Marcy Point,,Chicago,60619,tbaxendalepp@nydailynews.com,7731031479
977,Welch Schimmel and Jerde,10,47866 Waubesa Alley,,Palm Bay,32909,amiddlemistpq@economist.com,5619189855
978,Reichert Howe and Waelchi,11,204 Fremont Center,Apt 1467,Atlanta,30336,wsansumpr@pagesperso-orange.fr,4047168889
979,Prosacco-Leannon,3,08 Haas Pass,,Tucson,85715,sbichenops@comsenz.com,5207575818
980,Haley-Barrows,9,57 Fordem Point,,Washington,20580,djennerypt@usnews.com,2027816543
981,Farrell Hilll and Collins,26,3 Macpherson Point,13th Floor,Kansas City,64179,kbelleepu@nyu.edu,8167062005
982,Glover-Bechtelar,17,61019 Grasskamp Court,,Topeka,66699,bgeillierpv@sciencedaily.com,7854150177
983,Wiegand-Halvorson,44,239 Del Mar Trail,,Fort Worth,76198,njohnyspw@cbc.ca,6827473726
984,Haag-Ziemann,5,38 Thompson Hill,,Inglewood,90305,jchalkpx@ucoz.com,3103784746
985,Dickinson Konopelski and Hoppe,5,5 Hintze Road,,Torrance,90510,kboustredpy@sitemeter.com,8189477889
986,Jerde LLC,24,05 Victoria Way,Room 1610,Minneapolis,55417,vhambypz@fema.gov,6518530342
987,Pfannerstill-Bartoletti,48,6994 Schmedeman Trail,,Olympia,98516,lbassoq0@samsung.com,3606527087
988,Witting-Simonis,25,2109 Loeprich Center,,Jackson,39296,rprescotq1@epa.gov,6018381026
989,Gorczany Hoppe and Hirthe,5,3 Moland Way,,Los Angeles,90055,esladeq2@un.org,2139424293
990,Leannon and Sons,29,1195 Warrior Place,13th Floor,Reno,89505,fphilcottq3@wikispaces.com,7756151870
991,Ritchie Beatty and Stanton,6,70 Sutherland Junction,,Denver,80249,mmattersonq4@wiley.com,7209038890
992,Jacobson-Pfannerstill,44,6 Dexter Terrace,9th Floor,Odessa,79769,smckeveneyq5@list-manage.com,4322796663
993,McCullough Ryan and Zemlak,10,2 Buena Vista Road,Apt 1331,Boynton Beach,33436,bsouthwellq6@sourceforge.net,5613654398
994,Ledner-Brown,22,23118 Del Mar Street,Apt 1677,Boston,02109,tmangamq7@psu.edu,6177873264
995,Streich-Nader,9,01653 Crowley Street,Suite 62,Washington,20238,gshowersq8@cam.ac.uk,2021138193
996,Heller Krajcik and Ernser,47,207 Nobel Avenue,,Alexandria,22309,rpesticcioq9@goo.ne.jp,2028872010
997,Weissnat Group,39,84 Annamark Road,Apt 262,Pittsburgh,15255,rfossordqa@sakura.ne.jp,4125446762
998,Schaefer-Shanahan,31,6 Dapin Junction,,Newark,07188,lhaydonqb@pcworld.com,8624615638
999,Feil-Dare,34,51 Blue Bill Park Center,,Raleigh,27605,dfrantzenqc@cdc.gov,9195585437
1000,Hagenes Group,8,33700 Park Meadow Way,Room 1003,Wilmington,19805,mharmstoneqd@acquirethisname.com,3029203428
